Pos	Gene	230405_Blood	230405_Dura	230405_Tumor
chr1:151817137	RORC	0/25	3/76	4/35
chr2:69130158	ANTXR1	0/135	2/291	4/127
chr2:96341881	NCAPH	0/118	2/213	3/128
chr2:237372266	COL6A3	0/149	2/305	58/152
chr3:37323742	GOLGA4	0/165	2/336	42/132
chr7:987318	CYP2W1	0/155	4/276	65/200
chr7:150720500	GIMAP1	0/183	3/351	66/196
chr9:107487067	KLF4	0/112	4/252	47/141
chr12:57758684	CYP27B1	0/166	5/342	2/171
chr14:67766267	ZFYVE26	0/125	2/259	3/108
chr15:56096116	RFX7	0/135	3/304	53/148
chr16:31117845	KAT8	0/177	15/369	2/202
chr17:63972834	SCN4A	0/205	2/414	88/219
