Type,SP110242,SP17172,SP18121,SP18310,SP19215,SP21017,SP22383,SP96118,SP96133,SP114330,SP119755,SP16934,SP16958,SP17016,SP17294,SP17329,SP17430,SP18787,SP19582,SP19606,SP19670,SP19750,SP19983,SP20993,SP21057,SP21193,SP21528,SP22750,SP23078,SP80271,SP80367,SP80423,SP80657,SP80754,SP80950,SP81137,SP81172,SP81440,SP81494,SP81711,SP81840,SP82087,SP82103,SP96110,SP96112,SP96114,SP96116,SP96120,SP96122,SP96124,SP96126,SP96129,SP16886,SP17905,SP18946,SP19295,SP21400,SP22031,SP80615,SP81312
A[C>A]A,554.0,321.0,379.0,239.0,179.0,596.0,626.0,148.0,674.0,246.0,503.0,343.0,460.0,375.0,493.0,208.0,255.0,573.0,250.0,467.0,429.0,157.0,503.0,359.0,388.0,348.0,296.0,301.0,327.0,301.0,352.0,311.0,173.0,234.0,225.0,280.0,410.0,165.0,373.0,411.0,205.0,297.0,240.0,370.0,152.0,463.0,434.0,733.0,619.0,204.0,470.0,273.0,1436.0,4207.0,1564.0,577.0,861.0,447.0,3629.0,870.0
A[C>A]C,423.0,280.0,435.0,261.0,221.0,362.0,377.0,67.0,368.0,118.0,222.0,150.0,211.0,155.0,225.0,118.0,161.0,165.0,151.0,290.0,108.0,83.0,231.0,185.0,213.0,180.0,124.0,158.0,208.0,164.0,220.0,184.0,87.0,106.0,111.0,206.0,223.0,103.0,538.0,234.0,107.0,191.0,134.0,131.0,81.0,211.0,131.0,302.0,205.0,107.0,210.0,132.0,2088.0,6046.0,2276.0,822.0,2565.0,953.0,4824.0,2151.0
A[C>A]G,55.0,32.0,48.0,25.0,23.0,115.0,49.0,5.0,64.0,21.0,49.0,26.0,26.0,19.0,32.0,18.0,20.0,36.0,17.0,49.0,21.0,8.0,43.0,24.0,30.0,27.0,21.0,21.0,20.0,19.0,41.0,21.0,20.0,15.0,7.0,21.0,25.0,21.0,36.0,21.0,17.0,25.0,19.0,20.0,12.0,37.0,27.0,41.0,42.0,16.0,42.0,24.0,225.0,672.0,159.0,59.0,84.0,48.0,499.0,68.0
A[C>A]T,723.0,491.0,488.0,462.0,315.0,572.0,577.0,128.0,495.0,136.0,299.0,182.0,191.0,212.0,277.0,126.0,167.0,203.0,151.0,399.0,183.0,77.0,244.0,216.0,246.0,226.0,168.0,155.0,216.0,182.0,262.0,161.0,98.0,114.0,119.0,190.0,253.0,94.0,260.0,261.0,122.0,205.0,103.0,216.0,93.0,246.0,207.0,429.0,310.0,119.0,256.0,134.0,9082.0,43284.0,11724.0,2085.0,4518.0,2292.0,28963.0,4247.0
C[C>A]A,1742.0,1109.0,1319.0,930.0,871.0,1252.0,1078.0,299.0,978.0,159.0,414.0,219.0,331.0,300.0,417.0,147.0,135.0,407.0,166.0,328.0,263.0,146.0,357.0,248.0,308.0,215.0,153.0,222.0,222.0,206.0,300.0,252.0,125.0,153.0,215.0,230.0,286.0,184.0,1738.0,387.0,241.0,234.0,145.0,246.0,109.0,292.0,341.0,489.0,400.0,172.0,410.0,194.0,2554.0,8929.0,4277.0,866.0,2353.0,618.0,7915.0,2083.0
C[C>A]C,2356.0,2036.0,1909.0,2136.0,1712.0,1589.0,1475.0,447.0,1341.0,88.0,193.0,121.0,154.0,116.0,168.0,73.0,100.0,161.0,126.0,242.0,93.0,49.0,141.0,121.0,194.0,169.0,95.0,95.0,134.0,113.0,197.0,139.0,72.0,76.0,59.0,170.0,199.0,60.0,1708.0,194.0,115.0,158.0,73.0,108.0,52.0,154.0,121.0,263.0,191.0,75.0,184.0,79.0,976.0,4437.0,1351.0,306.0,1219.0,292.0,3358.0,1021.0
C[C>A]G,435.0,322.0,345.0,310.0,278.0,344.0,272.0,95.0,321.0,17.0,48.0,23.0,47.0,29.0,57.0,10.0,22.0,48.0,23.0,35.0,22.0,16.0,48.0,33.0,27.0,22.0,15.0,26.0,23.0,19.0,34.0,29.0,13.0,14.0,34.0,27.0,29.0,10.0,139.0,39.0,40.0,36.0,9.0,35.0,17.0,39.0,43.0,42.0,63.0,17.0,49.0,23.0,218.0,918.0,347.0,67.0,241.0,63.0,794.0,177.0
C[C>A]T,7976.0,5354.0,5435.0,5176.0,4633.0,4568.0,4000.0,1257.0,3566.0,143.0,334.0,184.0,259.0,198.0,384.0,118.0,139.0,395.0,166.0,289.0,231.0,149.0,314.0,243.0,327.0,188.0,136.0,181.0,136.0,195.0,236.0,208.0,115.0,115.0,161.0,221.0,270.0,127.0,934.0,350.0,354.0,185.0,132.0,195.0,90.0,254.0,248.0,411.0,494.0,150.0,402.0,173.0,10376.0,53093.0,21621.0,2906.0,9478.0,2537.0,40332.0,8542.0
G[C>A]A,789.0,368.0,446.0,336.0,246.0,1062.0,1018.0,203.0,949.0,258.0,668.0,436.0,691.0,527.0,705.0,208.0,229.0,887.0,213.0,302.0,637.0,208.0,636.0,386.0,438.0,316.0,377.0,394.0,217.0,350.0,239.0,296.0,237.0,258.0,278.0,177.0,307.0,221.0,365.0,513.0,215.0,249.0,219.0,501.0,137.0,541.0,716.0,965.0,959.0,328.0,582.0,316.0,1170.0,3601.0,1743.0,843.0,1283.0,482.0,3482.0,1329.0
G[C>A]C,523.0,492.0,613.0,317.0,325.0,633.0,833.0,98.0,404.0,90.0,149.0,111.0,163.0,137.0,190.0,60.0,90.0,191.0,95.0,151.0,107.0,55.0,158.0,146.0,140.0,148.0,103.0,128.0,115.0,111.0,131.0,111.0,57.0,78.0,59.0,119.0,124.0,71.0,666.0,181.0,84.0,100.0,62.0,110.0,58.0,135.0,156.0,243.0,235.0,81.0,185.0,96.0,1422.0,4253.0,1868.0,477.0,1552.0,435.0,4412.0,1388.0
G[C>A]G,136.0,99.0,122.0,51.0,66.0,196.0,151.0,34.0,119.0,21.0,41.0,33.0,43.0,43.0,46.0,14.0,19.0,60.0,23.0,20.0,31.0,22.0,35.0,46.0,44.0,22.0,26.0,45.0,18.0,21.0,19.0,24.0,19.0,18.0,9.0,22.0,20.0,20.0,46.0,37.0,23.0,28.0,22.0,43.0,10.0,41.0,50.0,70.0,61.0,22.0,37.0,24.0,83.0,224.0,113.0,54.0,97.0,37.0,296.0,91.0
G[C>A]T,1468.0,1229.0,963.0,869.0,768.0,1620.0,1947.0,286.0,1043.0,169.0,398.0,258.0,430.0,326.0,449.0,137.0,130.0,542.0,136.0,270.0,319.0,152.0,395.0,267.0,299.0,239.0,224.0,242.0,161.0,234.0,200.0,202.0,126.0,168.0,183.0,158.0,254.0,150.0,299.0,327.0,178.0,165.0,171.0,304.0,92.0,315.0,470.0,575.0,655.0,177.0,398.0,193.0,5948.0,24038.0,13054.0,2175.0,6170.0,1504.0,25839.0,6763.0
T[C>A]A,689.0,333.0,380.0,245.0,165.0,747.0,671.0,158.0,777.0,273.0,682.0,429.0,523.0,453.0,623.0,246.0,201.0,730.0,246.0,449.0,584.0,212.0,611.0,463.0,454.0,340.0,382.0,395.0,314.0,347.0,328.0,321.0,193.0,303.0,291.0,350.0,361.0,240.0,624.0,533.0,243.0,370.0,301.0,385.0,186.0,535.0,655.0,930.0,965.0,297.0,526.0,291.0,47830.0,84127.0,36579.0,10843.0,18422.0,12463.0,94495.0,23822.0
T[C>A]C,689.0,426.0,426.0,401.0,226.0,612.0,535.0,133.0,609.0,188.0,366.0,267.0,299.0,252.0,317.0,144.0,165.0,409.0,174.0,279.0,340.0,99.0,337.0,233.0,249.0,184.0,229.0,224.0,189.0,184.0,233.0,226.0,145.0,152.0,148.0,197.0,253.0,129.0,467.0,285.0,166.0,200.0,203.0,221.0,132.0,304.0,380.0,495.0,549.0,154.0,331.0,157.0,5395.0,18606.0,7750.0,1808.0,4228.0,1296.0,16521.0,5015.0
T[C>A]G,101.0,60.0,62.0,57.0,37.0,125.0,103.0,26.0,117.0,39.0,75.0,46.0,61.0,46.0,64.0,14.0,28.0,94.0,21.0,46.0,63.0,34.0,55.0,51.0,41.0,44.0,60.0,50.0,30.0,26.0,40.0,31.0,22.0,27.0,33.0,28.0,34.0,29.0,62.0,51.0,32.0,34.0,36.0,51.0,21.0,47.0,81.0,99.0,110.0,36.0,80.0,27.0,1481.0,2854.0,715.0,241.0,588.0,279.0,2625.0,719.0
T[C>A]T,2424.0,1273.0,1266.0,1172.0,782.0,2054.0,1729.0,482.0,1732.0,463.0,1071.0,679.0,837.0,760.0,1040.0,378.0,306.0,1381.0,367.0,535.0,960.0,372.0,1027.0,725.0,673.0,467.0,605.0,655.0,408.0,503.0,494.0,430.0,367.0,450.0,471.0,519.0,529.0,404.0,646.0,900.0,551.0,508.0,569.0,694.0,250.0,813.0,1144.0,1512.0,1674.0,525.0,1043.0,523.0,281651.0,655929.0,307317.0,94456.0,169593.0,84443.0,727224.0,216989.0
A[C>G]A,347.0,334.0,267.0,330.0,242.0,226.0,255.0,81.0,301.0,61.0,166.0,89.0,64.0,62.0,111.0,48.0,85.0,70.0,101.0,213.0,40.0,26.0,160.0,131.0,171.0,91.0,69.0,66.0,92.0,77.0,134.0,77.0,47.0,50.0,43.0,194.0,217.0,28.0,164.0,116.0,71.0,111.0,43.0,87.0,51.0,119.0,42.0,143.0,67.0,42.0,79.0,78.0,324.0,2994.0,436.0,104.0,715.0,67.0,1271.0,415.0
A[C>G]C,130.0,125.0,128.0,95.0,107.0,93.0,111.0,28.0,123.0,30.0,67.0,61.0,31.0,44.0,78.0,33.0,49.0,48.0,62.0,153.0,20.0,14.0,86.0,67.0,100.0,65.0,50.0,38.0,61.0,49.0,97.0,52.0,26.0,24.0,21.0,115.0,91.0,19.0,90.0,66.0,37.0,55.0,18.0,42.0,32.0,57.0,36.0,72.0,37.0,20.0,55.0,30.0,195.0,941.0,187.0,65.0,253.0,39.0,727.0,147.0
A[C>G]G,33.0,32.0,21.0,19.0,15.0,25.0,19.0,6.0,32.0,6.0,29.0,12.0,8.0,8.0,18.0,6.0,11.0,8.0,16.0,35.0,13.0,4.0,13.0,7.0,40.0,11.0,9.0,9.0,10.0,12.0,27.0,13.0,5.0,3.0,3.0,21.0,36.0,5.0,12.0,11.0,9.0,18.0,3.0,11.0,7.0,12.0,6.0,19.0,8.0,6.0,12.0,9.0,12.0,32.0,30.0,7.0,14.0,4.0,90.0,7.0
A[C>G]T,281.0,295.0,346.0,283.0,242.0,191.0,218.0,48.0,265.0,60.0,157.0,149.0,78.0,74.0,195.0,63.0,83.0,63.0,115.0,531.0,35.0,43.0,219.0,204.0,176.0,118.0,101.0,51.0,200.0,101.0,224.0,102.0,57.0,44.0,39.0,422.0,216.0,53.0,166.0,170.0,68.0,203.0,55.0,85.0,44.0,166.0,56.0,172.0,86.0,35.0,98.0,75.0,208.0,1630.0,338.0,78.0,218.0,64.0,979.0,131.0
C[C>G]A,60.0,61.0,49.0,21.0,40.0,44.0,54.0,9.0,75.0,31.0,64.0,49.0,34.0,27.0,78.0,33.0,33.0,37.0,53.0,117.0,25.0,17.0,81.0,67.0,90.0,70.0,21.0,33.0,59.0,38.0,62.0,60.0,33.0,25.0,9.0,88.0,122.0,20.0,197.0,54.0,26.0,46.0,22.0,35.0,17.0,51.0,21.0,78.0,38.0,18.0,41.0,50.0,30.0,77.0,41.0,31.0,44.0,10.0,277.0,26.0
C[C>G]C,68.0,50.0,41.0,26.0,28.0,32.0,53.0,8.0,79.0,20.0,55.0,35.0,33.0,25.0,51.0,16.0,23.0,21.0,36.0,79.0,19.0,15.0,33.0,57.0,58.0,62.0,18.0,22.0,44.0,39.0,59.0,51.0,21.0,16.0,7.0,72.0,91.0,13.0,322.0,47.0,27.0,34.0,15.0,35.0,9.0,38.0,19.0,56.0,29.0,17.0,61.0,22.0,31.0,60.0,40.0,24.0,30.0,13.0,228.0,18.0
C[C>G]G,37.0,27.0,22.0,20.0,22.0,17.0,17.0,3.0,30.0,7.0,14.0,7.0,9.0,3.0,11.0,3.0,8.0,8.0,22.0,19.0,8.0,2.0,10.0,15.0,16.0,10.0,10.0,12.0,7.0,7.0,13.0,17.0,2.0,3.0,0.0,10.0,27.0,5.0,38.0,13.0,9.0,8.0,4.0,8.0,3.0,18.0,8.0,12.0,11.0,5.0,16.0,11.0,11.0,14.0,13.0,4.0,13.0,4.0,77.0,7.0
C[C>G]T,77.0,82.0,85.0,39.0,44.0,56.0,94.0,6.0,102.0,51.0,90.0,79.0,60.0,47.0,131.0,32.0,81.0,46.0,88.0,201.0,25.0,29.0,97.0,95.0,120.0,86.0,46.0,43.0,82.0,63.0,108.0,104.0,30.0,36.0,23.0,183.0,140.0,33.0,176.0,108.0,30.0,99.0,29.0,51.0,32.0,70.0,35.0,116.0,59.0,26.0,78.0,62.0,59.0,140.0,83.0,36.0,59.0,12.0,436.0,30.0
G[C>G]A,99.0,90.0,69.0,65.0,51.0,72.0,68.0,20.0,78.0,18.0,54.0,25.0,42.0,21.0,61.0,10.0,28.0,11.0,42.0,55.0,19.0,13.0,36.0,44.0,76.0,43.0,37.0,20.0,30.0,41.0,44.0,35.0,17.0,22.0,7.0,47.0,84.0,9.0,66.0,38.0,24.0,44.0,10.0,39.0,18.0,31.0,19.0,52.0,33.0,16.0,42.0,30.0,174.0,1424.0,222.0,59.0,359.0,57.0,623.0,228.0
G[C>G]C,211.0,182.0,298.0,171.0,142.0,130.0,120.0,37.0,159.0,15.0,49.0,52.0,30.0,36.0,65.0,19.0,38.0,31.0,41.0,198.0,27.0,10.0,72.0,75.0,53.0,35.0,41.0,27.0,62.0,35.0,66.0,48.0,19.0,24.0,13.0,105.0,87.0,25.0,154.0,68.0,32.0,58.0,20.0,36.0,16.0,58.0,16.0,67.0,36.0,22.0,57.0,34.0,237.0,722.0,294.0,66.0,215.0,45.0,845.0,217.0
G[C>G]G,24.0,23.0,15.0,11.0,16.0,21.0,16.0,3.0,27.0,2.0,11.0,4.0,1.0,2.0,17.0,5.0,6.0,11.0,10.0,7.0,3.0,3.0,3.0,12.0,15.0,3.0,1.0,6.0,6.0,8.0,8.0,7.0,3.0,5.0,8.0,10.0,18.0,4.0,16.0,9.0,5.0,7.0,2.0,14.0,2.0,10.0,6.0,5.0,9.0,3.0,8.0,7.0,3.0,12.0,11.0,4.0,3.0,2.0,57.0,5.0
G[C>G]T,133.0,167.0,191.0,130.0,106.0,91.0,124.0,25.0,142.0,20.0,82.0,55.0,40.0,27.0,75.0,30.0,43.0,24.0,63.0,159.0,27.0,14.0,88.0,102.0,95.0,63.0,41.0,28.0,55.0,43.0,86.0,56.0,26.0,19.0,11.0,138.0,141.0,16.0,81.0,74.0,45.0,80.0,16.0,44.0,14.0,48.0,26.0,65.0,32.0,16.0,50.0,46.0,291.0,1247.0,263.0,60.0,157.0,69.0,973.0,177.0
T[C>G]A,121.0,120.0,117.0,59.0,51.0,106.0,104.0,11.0,143.0,89.0,148.0,161.0,74.0,78.0,141.0,74.0,85.0,76.0,123.0,375.0,69.0,51.0,216.0,214.0,189.0,91.0,100.0,72.0,161.0,111.0,265.0,114.0,77.0,54.0,42.0,344.0,262.0,68.0,145.0,214.0,44.0,152.0,58.0,80.0,36.0,128.0,64.0,134.0,72.0,94.0,114.0,103.0,58.0,189.0,138.0,103.0,112.0,20.0,560.0,57.0
T[C>G]C,112.0,83.0,104.0,40.0,52.0,76.0,75.0,11.0,115.0,49.0,90.0,92.0,44.0,50.0,117.0,58.0,61.0,48.0,77.0,192.0,28.0,23.0,110.0,113.0,139.0,48.0,54.0,41.0,82.0,59.0,117.0,73.0,38.0,36.0,23.0,164.0,184.0,34.0,119.0,123.0,32.0,94.0,22.0,68.0,32.0,79.0,48.0,81.0,50.0,39.0,86.0,68.0,72.0,195.0,93.0,46.0,82.0,26.0,485.0,60.0
T[C>G]G,13.0,16.0,10.0,3.0,3.0,10.0,12.0,3.0,21.0,10.0,10.0,17.0,15.0,9.0,16.0,5.0,8.0,9.0,15.0,23.0,6.0,8.0,20.0,18.0,18.0,11.0,7.0,8.0,9.0,14.0,19.0,6.0,4.0,6.0,2.0,30.0,20.0,3.0,25.0,15.0,3.0,15.0,5.0,7.0,7.0,14.0,4.0,13.0,6.0,6.0,14.0,17.0,12.0,14.0,13.0,14.0,15.0,2.0,49.0,6.0
T[C>G]T,274.0,366.0,352.0,195.0,188.0,275.0,237.0,40.0,332.0,136.0,274.0,333.0,171.0,152.0,388.0,153.0,169.0,122.0,249.0,1021.0,94.0,95.0,496.0,464.0,338.0,163.0,196.0,127.0,422.0,184.0,585.0,263.0,155.0,101.0,73.0,847.0,531.0,136.0,303.0,387.0,92.0,388.0,78.0,188.0,58.0,284.0,116.0,288.0,138.0,121.0,199.0,234.0,263.0,525.0,311.0,149.0,176.0,83.0,1281.0,151.0
A[C>T]A,5620.0,5240.0,4373.0,5746.0,3406.0,3373.0,2712.0,1339.0,3635.0,210.0,325.0,199.0,287.0,250.0,316.0,172.0,207.0,270.0,218.0,403.0,171.0,124.0,292.0,275.0,302.0,248.0,200.0,233.0,205.0,246.0,228.0,274.0,147.0,164.0,119.0,262.0,317.0,128.0,287.0,290.0,211.0,254.0,165.0,221.0,166.0,295.0,203.0,374.0,322.0,148.0,282.0,177.0,1541.0,9668.0,2383.0,642.0,1918.0,578.0,5038.0,1611.0
A[C>T]C,1618.0,1345.0,2018.0,1476.0,1149.0,1085.0,1190.0,345.0,1031.0,91.0,185.0,106.0,165.0,124.0,175.0,81.0,99.0,148.0,85.0,152.0,111.0,68.0,129.0,123.0,136.0,118.0,89.0,96.0,106.0,100.0,129.0,148.0,69.0,87.0,63.0,113.0,161.0,79.0,340.0,187.0,119.0,149.0,85.0,93.0,77.0,175.0,121.0,172.0,172.0,82.0,184.0,94.0,2508.0,11962.0,3493.0,1196.0,2962.0,976.0,7588.0,2753.0
A[C>T]G,5642.0,10953.0,4231.0,11764.0,4768.0,4305.0,4213.0,2071.0,4768.0,1064.0,1020.0,743.0,1409.0,888.0,1237.0,863.0,796.0,1423.0,610.0,871.0,858.0,577.0,1321.0,1128.0,965.0,1028.0,1118.0,1223.0,682.0,809.0,575.0,868.0,963.0,891.0,729.0,826.0,692.0,663.0,1025.0,1301.0,900.0,1122.0,1020.0,832.0,627.0,1310.0,888.0,1012.0,1103.0,831.0,1321.0,894.0,6099.0,18004.0,8309.0,3060.0,9612.0,2500.0,14115.0,8210.0
A[C>T]T,1913.0,1408.0,2103.0,1589.0,1244.0,1094.0,1244.0,372.0,1197.0,177.0,273.0,152.0,247.0,184.0,253.0,136.0,198.0,201.0,144.0,293.0,125.0,106.0,235.0,210.0,196.0,202.0,177.0,161.0,152.0,199.0,160.0,222.0,119.0,122.0,103.0,182.0,301.0,100.0,400.0,245.0,143.0,183.0,130.0,186.0,92.0,236.0,163.0,281.0,291.0,119.0,257.0,139.0,4414.0,19978.0,5175.0,1799.0,4028.0,1425.0,13642.0,3858.0
C[C>T]A,1163.0,947.0,1509.0,1048.0,683.0,899.0,752.0,277.0,769.0,144.0,241.0,138.0,213.0,143.0,236.0,121.0,142.0,199.0,130.0,216.0,116.0,64.0,212.0,207.0,216.0,152.0,138.0,158.0,144.0,137.0,156.0,195.0,99.0,117.0,76.0,210.0,233.0,92.0,333.0,229.0,116.0,203.0,110.0,164.0,89.0,198.0,195.0,227.0,264.0,121.0,238.0,154.0,905.0,3820.0,1312.0,261.0,1509.0,229.0,2599.0,1071.0
C[C>T]C,1459.0,1109.0,2873.0,1143.0,868.0,993.0,952.0,335.0,885.0,101.0,216.0,113.0,196.0,121.0,169.0,98.0,122.0,164.0,112.0,168.0,101.0,78.0,148.0,150.0,161.0,138.0,124.0,107.0,103.0,111.0,127.0,178.0,89.0,85.0,59.0,130.0,200.0,75.0,413.0,223.0,103.0,138.0,76.0,135.0,77.0,184.0,191.0,161.0,260.0,103.0,169.0,113.0,1325.0,5981.0,1868.0,406.0,2245.0,365.0,3849.0,1569.0
C[C>T]G,4338.0,8178.0,2979.0,8916.0,3313.0,3440.0,3065.0,1449.0,3628.0,648.0,701.0,446.0,942.0,498.0,849.0,411.0,469.0,994.0,398.0,591.0,625.0,345.0,749.0,693.0,602.0,671.0,738.0,758.0,457.0,525.0,385.0,565.0,583.0,543.0,298.0,498.0,485.0,371.0,727.0,829.0,555.0,683.0,433.0,566.0,394.0,802.0,515.0,672.0,761.0,588.0,911.0,602.0,2586.0,8592.0,4066.0,1158.0,5827.0,982.0,6979.0,4117.0
C[C>T]T,1433.0,1069.0,3633.0,1202.0,886.0,999.0,975.0,345.0,918.0,150.0,271.0,162.0,225.0,183.0,247.0,141.0,170.0,259.0,134.0,304.0,151.0,103.0,218.0,205.0,234.0,213.0,162.0,148.0,152.0,168.0,174.0,217.0,121.0,137.0,96.0,195.0,294.0,101.0,576.0,244.0,152.0,178.0,141.0,148.0,120.0,237.0,169.0,236.0,310.0,120.0,215.0,141.0,2197.0,10335.0,2879.0,646.0,3375.0,552.0,7000.0,2388.0
G[C>T]A,4906.0,4276.0,6033.0,5297.0,3067.0,3281.0,2901.0,1196.0,2975.0,121.0,188.0,138.0,185.0,144.0,218.0,96.0,123.0,186.0,138.0,193.0,106.0,70.0,223.0,189.0,232.0,154.0,143.0,150.0,123.0,125.0,164.0,155.0,99.0,118.0,75.0,217.0,196.0,81.0,237.0,211.0,117.0,181.0,108.0,149.0,86.0,186.0,110.0,221.0,197.0,115.0,223.0,137.0,2010.0,8866.0,4984.0,1358.0,5411.0,921.0,8352.0,6318.0
G[C>T]C,4831.0,4705.0,10322.0,4414.0,4028.0,4815.0,4507.0,1106.0,3267.0,171.0,162.0,160.0,204.0,159.0,213.0,103.0,128.0,213.0,99.0,220.0,118.0,106.0,222.0,246.0,237.0,182.0,170.0,149.0,126.0,129.0,126.0,151.0,113.0,108.0,71.0,161.0,163.0,93.0,509.0,278.0,147.0,170.0,112.0,124.0,84.0,190.0,129.0,242.0,215.0,112.0,270.0,148.0,7760.0,23946.0,18689.0,5462.0,16847.0,3534.0,28791.0,20339.0
G[C>T]G,7965.0,11813.0,5976.0,10662.0,5717.0,9896.0,7656.0,2221.0,5906.0,831.0,857.0,546.0,1067.0,635.0,1086.0,547.0,586.0,1288.0,470.0,699.0,783.0,485.0,1030.0,1064.0,881.0,868.0,902.0,953.0,523.0,697.0,469.0,723.0,698.0,630.0,397.0,607.0,596.0,477.0,861.0,1130.0,770.0,926.0,605.0,681.0,499.0,1103.0,705.0,937.0,980.0,715.0,1178.0,739.0,9315.0,22558.0,25677.0,7373.0,28688.0,5115.0,32137.0,32010.0
G[C>T]T,3467.0,3166.0,7961.0,3227.0,2824.0,3025.0,3323.0,790.0,2226.0,121.0,190.0,157.0,241.0,172.0,233.0,127.0,139.0,234.0,128.0,222.0,114.0,83.0,242.0,226.0,252.0,164.0,169.0,160.0,118.0,163.0,185.0,168.0,114.0,120.0,81.0,180.0,195.0,81.0,306.0,262.0,154.0,167.0,125.0,138.0,83.0,194.0,124.0,257.0,226.0,118.0,208.0,121.0,10212.0,29330.0,22757.0,6435.0,19307.0,4126.0,38918.0,24801.0
T[C>T]A,1126.0,1050.0,2306.0,1002.0,653.0,866.0,724.0,306.0,806.0,199.0,284.0,269.0,324.0,234.0,250.0,237.0,216.0,282.0,209.0,315.0,172.0,138.0,333.0,291.0,308.0,185.0,237.0,191.0,357.0,237.0,346.0,323.0,157.0,160.0,127.0,311.0,326.0,130.0,277.0,375.0,152.0,257.0,155.0,166.0,103.0,272.0,201.0,257.0,279.0,182.0,265.0,180.0,3525.0,11735.0,5196.0,1539.0,6003.0,1153.0,10445.0,7909.0
T[C>T]C,1155.0,1121.0,3140.0,932.0,754.0,1053.0,856.0,293.0,851.0,152.0,247.0,193.0,244.0,190.0,234.0,179.0,143.0,238.0,163.0,320.0,143.0,104.0,231.0,212.0,237.0,202.0,199.0,186.0,235.0,179.0,218.0,259.0,113.0,134.0,93.0,249.0,263.0,129.0,496.0,342.0,151.0,207.0,159.0,147.0,109.0,243.0,158.0,235.0,277.0,154.0,245.0,151.0,9261.0,28396.0,15475.0,4917.0,18090.0,3508.0,28082.0,22845.0
T[C>T]G,2290.0,4233.0,1686.0,4756.0,1772.0,1797.0,1711.0,830.0,2046.0,433.0,457.0,376.0,652.0,372.0,603.0,316.0,329.0,686.0,287.0,408.0,387.0,244.0,637.0,513.0,406.0,470.0,541.0,520.0,332.0,392.0,265.0,389.0,394.0,372.0,290.0,349.0,301.0,255.0,503.0,603.0,385.0,479.0,406.0,383.0,270.0,587.0,373.0,476.0,520.0,398.0,589.0,403.0,48866.0,96494.0,58506.0,19213.0,95589.0,18777.0,109102.0,127415.0
T[C>T]T,1128.0,1191.0,2825.0,882.0,724.0,1021.0,909.0,266.0,787.0,202.0,317.0,264.0,305.0,243.0,312.0,243.0,217.0,300.0,238.0,414.0,194.0,120.0,323.0,301.0,262.0,218.0,227.0,217.0,282.0,248.0,270.0,304.0,149.0,178.0,137.0,304.0,355.0,153.0,413.0,374.0,133.0,289.0,161.0,183.0,101.0,299.0,200.0,338.0,286.0,199.0,302.0,207.0,26052.0,72628.0,35411.0,12843.0,38207.0,9836.0,73856.0,53685.0
A[T>A]A,322.0,465.0,1018.0,174.0,214.0,253.0,237.0,54.0,254.0,68.0,140.0,107.0,87.0,76.0,130.0,71.0,64.0,63.0,77.0,212.0,33.0,45.0,157.0,134.0,143.0,92.0,83.0,65.0,132.0,108.0,143.0,119.0,65.0,180.0,52.0,170.0,195.0,48.0,235.0,208.0,57.0,138.0,62.0,86.0,70.0,119.0,53.0,191.0,105.0,48.0,118.0,66.0,720.0,2745.0,934.0,342.0,1037.0,316.0,2400.0,1018.0
A[T>A]C,478.0,466.0,1103.0,290.0,283.0,474.0,414.0,84.0,304.0,53.0,74.0,59.0,69.0,55.0,81.0,51.0,48.0,51.0,67.0,128.0,20.0,27.0,79.0,91.0,94.0,87.0,45.0,44.0,61.0,61.0,98.0,82.0,29.0,115.0,24.0,92.0,128.0,33.0,126.0,116.0,51.0,82.0,31.0,31.0,46.0,75.0,34.0,84.0,56.0,36.0,75.0,52.0,327.0,1337.0,524.0,169.0,379.0,108.0,1241.0,370.0
A[T>A]G,180.0,167.0,430.0,112.0,113.0,147.0,172.0,34.0,156.0,59.0,79.0,68.0,59.0,53.0,72.0,61.0,66.0,48.0,84.0,177.0,31.0,29.0,99.0,102.0,108.0,77.0,55.0,40.0,86.0,81.0,99.0,74.0,56.0,54.0,29.0,103.0,110.0,32.0,94.0,108.0,46.0,111.0,38.0,54.0,34.0,93.0,36.0,102.0,60.0,40.0,74.0,54.0,97.0,560.0,149.0,58.0,116.0,33.0,550.0,68.0
A[T>A]T,2302.0,2202.0,3132.0,1825.0,1576.0,1698.0,1789.0,658.0,1610.0,177.0,265.0,181.0,240.0,174.0,331.0,129.0,162.0,259.0,157.0,349.0,115.0,130.0,275.0,305.0,272.0,177.0,169.0,140.0,161.0,249.0,219.0,192.0,122.0,255.0,102.0,313.0,288.0,107.0,423.0,385.0,234.0,218.0,172.0,167.0,113.0,229.0,139.0,312.0,328.0,141.0,383.0,206.0,3661.0,16454.0,5960.0,1553.0,4316.0,1670.0,10941.0,3678.0
C[T>A]A,148.0,144.0,284.0,35.0,84.0,98.0,104.0,16.0,138.0,53.0,63.0,64.0,41.0,47.0,93.0,31.0,56.0,37.0,65.0,145.0,18.0,22.0,78.0,70.0,86.0,70.0,36.0,23.0,134.0,70.0,321.0,67.0,37.0,37.0,24.0,219.0,150.0,39.0,248.0,78.0,35.0,91.0,18.0,50.0,32.0,45.0,19.0,95.0,42.0,20.0,62.0,41.0,162.0,1053.0,224.0,57.0,124.0,35.0,971.0,100.0
C[T>A]C,423.0,515.0,544.0,302.0,453.0,335.0,396.0,72.0,326.0,49.0,100.0,97.0,63.0,45.0,141.0,46.0,70.0,44.0,79.0,270.0,25.0,18.0,92.0,74.0,92.0,94.0,40.0,33.0,73.0,75.0,117.0,58.0,40.0,39.0,26.0,128.0,142.0,41.0,188.0,92.0,31.0,77.0,22.0,36.0,30.0,73.0,39.0,121.0,42.0,38.0,79.0,39.0,241.0,2320.0,409.0,88.0,197.0,51.0,1730.0,135.0
C[T>A]G,199.0,200.0,429.0,60.0,132.0,121.0,179.0,25.0,181.0,62.0,78.0,68.0,56.0,48.0,98.0,48.0,54.0,55.0,73.0,209.0,38.0,16.0,73.0,81.0,104.0,93.0,36.0,43.0,88.0,72.0,107.0,62.0,57.0,39.0,35.0,101.0,133.0,17.0,166.0,83.0,46.0,77.0,36.0,43.0,42.0,82.0,26.0,92.0,40.0,26.0,74.0,51.0,243.0,1647.0,284.0,65.0,136.0,49.0,1145.0,88.0
C[T>A]T,289.0,481.0,338.0,151.0,274.0,259.0,396.0,39.0,374.0,77.0,152.0,256.0,144.0,123.0,405.0,94.0,112.0,109.0,159.0,589.0,43.0,33.0,219.0,207.0,163.0,209.0,69.0,68.0,243.0,211.0,362.0,131.0,70.0,72.0,55.0,336.0,224.0,83.0,311.0,198.0,85.0,200.0,40.0,77.0,61.0,149.0,71.0,273.0,100.0,60.0,125.0,67.0,624.0,5245.0,934.0,224.0,450.0,161.0,4247.0,267.0
G[T>A]A,105.0,118.0,576.0,45.0,91.0,78.0,83.0,23.0,89.0,18.0,56.0,46.0,28.0,19.0,62.0,23.0,32.0,30.0,38.0,97.0,18.0,11.0,50.0,71.0,47.0,52.0,18.0,25.0,56.0,26.0,98.0,49.0,35.0,25.0,18.0,80.0,90.0,16.0,125.0,45.0,27.0,54.0,28.0,27.0,20.0,55.0,17.0,60.0,28.0,12.0,37.0,25.0,106.0,376.0,151.0,53.0,202.0,37.0,453.0,166.0
G[T>A]C,211.0,254.0,974.0,142.0,196.0,264.0,269.0,57.0,155.0,31.0,47.0,41.0,32.0,30.0,65.0,23.0,29.0,25.0,44.0,92.0,13.0,13.0,38.0,54.0,53.0,51.0,21.0,12.0,37.0,31.0,56.0,24.0,24.0,37.0,14.0,57.0,66.0,16.0,36.0,60.0,21.0,50.0,17.0,33.0,22.0,31.0,24.0,50.0,19.0,14.0,42.0,24.0,149.0,929.0,266.0,64.0,199.0,44.0,871.0,166.0
G[T>A]G,173.0,236.0,659.0,164.0,169.0,162.0,168.0,43.0,153.0,24.0,51.0,37.0,26.0,31.0,52.0,33.0,37.0,34.0,55.0,116.0,14.0,16.0,45.0,47.0,54.0,54.0,29.0,29.0,56.0,39.0,65.0,48.0,28.0,22.0,11.0,71.0,59.0,24.0,51.0,36.0,17.0,56.0,14.0,27.0,22.0,52.0,18.0,79.0,24.0,18.0,52.0,33.0,51.0,167.0,67.0,31.0,60.0,13.0,285.0,29.0
G[T>A]T,307.0,333.0,632.0,239.0,241.0,241.0,271.0,62.0,234.0,47.0,71.0,82.0,72.0,58.0,149.0,50.0,68.0,41.0,86.0,212.0,17.0,22.0,105.0,82.0,109.0,98.0,40.0,28.0,80.0,111.0,113.0,76.0,38.0,58.0,31.0,126.0,130.0,24.0,153.0,100.0,57.0,92.0,20.0,54.0,31.0,66.0,29.0,131.0,64.0,24.0,76.0,42.0,388.0,2204.0,571.0,143.0,364.0,143.0,1888.0,249.0
T[T>A]A,793.0,1062.0,979.0,613.0,568.0,805.0,670.0,212.0,795.0,131.0,260.0,227.0,193.0,154.0,356.0,132.0,126.0,270.0,124.0,284.0,136.0,113.0,379.0,369.0,310.0,185.0,122.0,137.0,243.0,178.0,307.0,156.0,93.0,176.0,112.0,450.0,309.0,85.0,270.0,314.0,184.0,234.0,139.0,147.0,69.0,197.0,149.0,349.0,283.0,112.0,259.0,147.0,1327.0,4015.0,1869.0,593.0,1129.0,483.0,3920.0,1154.0
T[T>A]C,142.0,168.0,364.0,95.0,90.0,149.0,155.0,29.0,132.0,42.0,71.0,57.0,58.0,39.0,78.0,46.0,48.0,33.0,55.0,156.0,22.0,20.0,83.0,89.0,101.0,59.0,25.0,32.0,66.0,73.0,114.0,58.0,25.0,62.0,26.0,136.0,111.0,27.0,89.0,92.0,29.0,67.0,27.0,33.0,27.0,71.0,21.0,106.0,42.0,24.0,54.0,37.0,512.0,3116.0,678.0,168.0,536.0,146.0,1960.0,367.0
T[T>A]G,71.0,158.0,290.0,50.0,71.0,63.0,122.0,11.0,84.0,29.0,56.0,45.0,36.0,34.0,64.0,42.0,41.0,32.0,46.0,134.0,21.0,15.0,70.0,63.0,77.0,39.0,21.0,25.0,91.0,55.0,84.0,49.0,36.0,29.0,23.0,124.0,94.0,18.0,95.0,62.0,22.0,59.0,17.0,41.0,23.0,49.0,25.0,70.0,44.0,15.0,48.0,26.0,646.0,2491.0,493.0,109.0,353.0,155.0,1863.0,265.0
T[T>A]T,707.0,873.0,687.0,527.0,458.0,536.0,545.0,169.0,614.0,115.0,231.0,213.0,168.0,172.0,348.0,145.0,151.0,155.0,177.0,453.0,78.0,59.0,265.0,266.0,242.0,197.0,88.0,118.0,302.0,246.0,351.0,186.0,90.0,240.0,59.0,470.0,341.0,78.0,394.0,336.0,161.0,204.0,86.0,136.0,64.0,212.0,130.0,312.0,208.0,103.0,220.0,134.0,4674.0,20827.0,4193.0,970.0,2748.0,1186.0,12896.0,2196.0
A[T>C]A,2362.0,2898.0,5912.0,1882.0,3137.0,1538.0,2298.0,387.0,1774.0,172.0,382.0,258.0,190.0,215.0,394.0,191.0,182.0,201.0,212.0,373.0,134.0,108.0,380.0,392.0,367.0,218.0,169.0,164.0,226.0,232.0,298.0,241.0,157.0,313.0,127.0,365.0,418.0,131.0,369.0,372.0,222.0,270.0,151.0,219.0,127.0,243.0,146.0,487.0,284.0,135.0,321.0,199.0,5870.0,29844.0,10627.0,1772.0,12356.0,1266.0,25230.0,8440.0
A[T>C]C,1047.0,1072.0,1891.0,787.0,1405.0,616.0,1066.0,154.0,640.0,67.0,120.0,105.0,96.0,74.0,111.0,73.0,68.0,78.0,93.0,189.0,64.0,35.0,95.0,123.0,150.0,95.0,78.0,71.0,58.0,103.0,80.0,90.0,49.0,117.0,35.0,120.0,160.0,41.0,138.0,156.0,83.0,90.0,53.0,65.0,45.0,84.0,46.0,151.0,85.0,58.0,120.0,68.0,2834.0,18523.0,5856.0,837.0,4699.0,730.0,14218.0,3449.0
A[T>C]G,2769.0,2527.0,3971.0,2106.0,4093.0,1387.0,2696.0,420.0,1701.0,85.0,175.0,117.0,112.0,102.0,162.0,94.0,96.0,110.0,122.0,219.0,69.0,70.0,160.0,168.0,192.0,125.0,89.0,109.0,88.0,158.0,112.0,126.0,73.0,96.0,70.0,165.0,166.0,65.0,121.0,159.0,138.0,135.0,73.0,123.0,56.0,138.0,65.0,200.0,161.0,81.0,162.0,123.0,3159.0,19343.0,3551.0,485.0,2994.0,473.0,12682.0,1506.0
A[T>C]T,960.0,1327.0,2845.0,639.0,1112.0,594.0,952.0,144.0,623.0,160.0,294.0,255.0,178.0,223.0,310.0,196.0,191.0,168.0,228.0,383.0,119.0,98.0,297.0,304.0,253.0,215.0,174.0,194.0,168.0,220.0,214.0,269.0,122.0,491.0,100.0,248.0,383.0,93.0,533.0,509.0,184.0,251.0,145.0,175.0,134.0,221.0,109.0,320.0,185.0,95.0,242.0,197.0,5758.0,35412.0,8020.0,1215.0,5263.0,1079.0,23627.0,3298.0
C[T>C]A,1696.0,1774.0,3494.0,1298.0,2115.0,821.0,1345.0,253.0,1074.0,61.0,136.0,139.0,121.0,87.0,243.0,74.0,60.0,99.0,86.0,205.0,65.0,45.0,196.0,163.0,154.0,116.0,73.0,77.0,203.0,138.0,531.0,94.0,81.0,68.0,37.0,408.0,233.0,60.0,179.0,134.0,119.0,126.0,60.0,105.0,33.0,112.0,48.0,196.0,97.0,53.0,113.0,69.0,985.0,6571.0,1403.0,231.0,1459.0,195.0,5414.0,877.0
C[T>C]C,1271.0,1243.0,1675.0,966.0,1633.0,718.0,1199.0,194.0,816.0,61.0,127.0,210.0,120.0,102.0,336.0,76.0,80.0,86.0,104.0,486.0,39.0,36.0,130.0,127.0,141.0,150.0,65.0,57.0,78.0,162.0,191.0,109.0,52.0,30.0,40.0,212.0,197.0,40.0,340.0,122.0,93.0,94.0,52.0,84.0,46.0,108.0,41.0,178.0,75.0,67.0,137.0,63.0,1123.0,9491.0,1897.0,270.0,1567.0,236.0,7108.0,721.0
C[T>C]G,3155.0,2536.0,4240.0,2359.0,4419.0,1510.0,2637.0,423.0,1926.0,59.0,133.0,138.0,127.0,79.0,211.0,39.0,67.0,90.0,64.0,328.0,50.0,47.0,109.0,114.0,130.0,106.0,76.0,74.0,64.0,126.0,94.0,95.0,61.0,48.0,25.0,137.0,121.0,35.0,198.0,103.0,103.0,74.0,53.0,91.0,41.0,97.0,50.0,151.0,113.0,50.0,133.0,65.0,1590.0,8925.0,1488.0,186.0,1117.0,233.0,6829.0,475.0
C[T>C]T,1747.0,2200.0,2412.0,1295.0,1884.0,985.0,2007.0,227.0,1325.0,67.0,277.0,664.0,228.0,141.0,892.0,86.0,107.0,154.0,183.0,897.0,69.0,58.0,296.0,206.0,183.0,311.0,100.0,76.0,142.0,345.0,159.0,141.0,63.0,94.0,64.0,239.0,178.0,75.0,377.0,144.0,148.0,133.0,62.0,133.0,61.0,196.0,66.0,408.0,147.0,60.0,233.0,122.0,1525.0,14138.0,2556.0,384.0,1335.0,257.0,13363.0,639.0
G[T>C]A,2232.0,2658.0,8327.0,1555.0,3157.0,1415.0,2142.0,393.0,1445.0,96.0,138.0,133.0,98.0,103.0,144.0,80.0,76.0,169.0,90.0,214.0,80.0,57.0,177.0,168.0,175.0,101.0,91.0,109.0,125.0,82.0,279.0,113.0,79.0,91.0,65.0,240.0,184.0,65.0,186.0,174.0,121.0,132.0,91.0,93.0,52.0,139.0,65.0,176.0,140.0,87.0,185.0,99.0,7210.0,28537.0,16167.0,3110.0,23216.0,1980.0,28433.0,16989.0
G[T>C]C,1059.0,1209.0,2566.0,680.0,1357.0,1114.0,1411.0,167.0,766.0,49.0,74.0,82.0,77.0,71.0,130.0,55.0,62.0,84.0,53.0,165.0,51.0,47.0,107.0,118.0,126.0,77.0,78.0,74.0,37.0,74.0,74.0,66.0,48.0,47.0,46.0,104.0,75.0,34.0,88.0,93.0,59.0,75.0,49.0,58.0,41.0,79.0,56.0,114.0,92.0,59.0,104.0,66.0,5768.0,22801.0,17530.0,2614.0,15674.0,1711.0,27800.0,13183.0
G[T>C]G,2091.0,1949.0,5408.0,1441.0,2971.0,1440.0,2106.0,315.0,1307.0,55.0,93.0,70.0,90.0,57.0,122.0,45.0,56.0,75.0,58.0,179.0,65.0,35.0,100.0,106.0,111.0,69.0,79.0,71.0,40.0,89.0,69.0,54.0,48.0,51.0,30.0,101.0,92.0,25.0,80.0,77.0,92.0,65.0,41.0,76.0,30.0,79.0,46.0,96.0,69.0,56.0,134.0,77.0,3549.0,16410.0,5757.0,777.0,9192.0,640.0,13268.0,4488.0
G[T>C]T,1272.0,1498.0,5258.0,825.0,1721.0,842.0,1246.0,204.0,823.0,91.0,144.0,192.0,116.0,126.0,234.0,107.0,98.0,125.0,97.0,301.0,94.0,49.0,187.0,158.0,161.0,119.0,116.0,119.0,74.0,171.0,95.0,119.0,74.0,122.0,83.0,152.0,171.0,69.0,315.0,198.0,131.0,131.0,112.0,94.0,65.0,128.0,50.0,203.0,131.0,89.0,188.0,123.0,12023.0,47024.0,19659.0,3969.0,19091.0,3117.0,42960.0,12408.0
T[T>C]A,1647.0,1775.0,5453.0,1361.0,1601.0,1026.0,1215.0,337.0,1156.0,80.0,311.0,325.0,132.0,133.0,473.0,122.0,135.0,162.0,140.0,330.0,84.0,83.0,323.0,376.0,297.0,146.0,119.0,126.0,367.0,195.0,640.0,141.0,125.0,120.0,61.0,641.0,484.0,79.0,252.0,278.0,153.0,208.0,88.0,152.0,56.0,208.0,75.0,507.0,183.0,76.0,222.0,107.0,6056.0,27431.0,8555.0,1695.0,10030.0,1391.0,24785.0,6600.0
T[T>C]C,1331.0,1541.0,2763.0,1090.0,1475.0,1127.0,1524.0,252.0,958.0,78.0,157.0,105.0,123.0,87.0,207.0,67.0,77.0,128.0,82.0,264.0,76.0,58.0,158.0,192.0,186.0,105.0,82.0,97.0,92.0,135.0,145.0,85.0,63.0,83.0,55.0,174.0,189.0,41.0,150.0,150.0,114.0,113.0,71.0,97.0,58.0,114.0,71.0,188.0,138.0,58.0,160.0,84.0,5279.0,29016.0,8254.0,1573.0,7270.0,1394.0,19202.0,4477.0
T[T>C]G,1659.0,1375.0,2941.0,1368.0,1616.0,988.0,1193.0,295.0,1089.0,57.0,116.0,95.0,98.0,56.0,145.0,56.0,43.0,76.0,55.0,152.0,50.0,33.0,140.0,131.0,138.0,74.0,56.0,52.0,73.0,85.0,126.0,52.0,51.0,54.0,33.0,172.0,124.0,31.0,87.0,82.0,83.0,62.0,40.0,73.0,27.0,76.0,37.0,169.0,97.0,55.0,97.0,53.0,4578.0,20527.0,4218.0,770.0,4104.0,785.0,13721.0,1920.0
T[T>C]T,1984.0,2722.0,3869.0,2006.0,2002.0,1502.0,1784.0,404.0,1450.0,106.0,243.0,267.0,183.0,154.0,362.0,134.0,131.0,189.0,184.0,361.0,114.0,79.0,305.0,253.0,297.0,178.0,138.0,131.0,129.0,217.0,200.0,164.0,100.0,361.0,84.0,313.0,317.0,73.0,426.0,414.0,191.0,179.0,138.0,147.0,83.0,191.0,99.0,261.0,196.0,84.0,279.0,149.0,10979.0,59430.0,11982.0,1911.0,8914.0,2002.0,35938.0,4299.0
A[T>G]A,65.0,162.0,181.0,44.0,80.0,83.0,117.0,10.0,120.0,39.0,123.0,134.0,38.0,46.0,203.0,60.0,53.0,51.0,52.0,230.0,23.0,20.0,165.0,139.0,114.0,57.0,58.0,38.0,115.0,95.0,146.0,66.0,36.0,50.0,32.0,232.0,149.0,40.0,93.0,94.0,37.0,122.0,35.0,51.0,19.0,110.0,42.0,194.0,64.0,29.0,70.0,37.0,4316.0,11136.0,2829.0,438.0,1779.0,696.0,12873.0,1129.0
A[T>G]C,135.0,202.0,206.0,85.0,219.0,107.0,252.0,23.0,84.0,10.0,30.0,33.0,13.0,21.0,61.0,17.0,24.0,18.0,22.0,105.0,5.0,6.0,24.0,23.0,37.0,35.0,11.0,12.0,17.0,33.0,25.0,14.0,11.0,18.0,7.0,43.0,41.0,10.0,25.0,34.0,8.0,30.0,13.0,12.0,10.0,32.0,5.0,34.0,19.0,5.0,28.0,13.0,3163.0,13169.0,3126.0,659.0,2047.0,655.0,10874.0,1148.0
A[T>G]G,107.0,151.0,153.0,80.0,137.0,86.0,215.0,17.0,115.0,30.0,69.0,52.0,40.0,33.0,59.0,32.0,46.0,36.0,62.0,104.0,21.0,12.0,62.0,62.0,90.0,57.0,34.0,23.0,43.0,54.0,71.0,58.0,22.0,28.0,12.0,68.0,94.0,16.0,46.0,44.0,36.0,77.0,18.0,41.0,25.0,40.0,17.0,89.0,39.0,24.0,51.0,28.0,1727.0,7420.0,1191.0,198.0,1010.0,268.0,6086.0,632.0
A[T>G]T,395.0,672.0,392.0,223.0,383.0,313.0,744.0,57.0,348.0,37.0,127.0,259.0,125.0,101.0,427.0,55.0,56.0,86.0,83.0,682.0,32.0,28.0,167.0,145.0,147.0,120.0,50.0,39.0,91.0,223.0,109.0,78.0,31.0,48.0,37.0,185.0,116.0,35.0,89.0,97.0,64.0,94.0,49.0,54.0,38.0,130.0,26.0,197.0,67.0,30.0,79.0,53.0,26695.0,106040.0,25190.0,4286.0,13486.0,5193.0,91868.0,8291.0
C[T>G]A,138.0,157.0,129.0,81.0,151.0,115.0,177.0,28.0,128.0,19.0,48.0,68.0,26.0,33.0,113.0,14.0,24.0,44.0,36.0,121.0,12.0,10.0,65.0,83.0,63.0,33.0,26.0,31.0,60.0,40.0,196.0,41.0,20.0,25.0,11.0,246.0,70.0,17.0,61.0,58.0,29.0,47.0,14.0,34.0,12.0,45.0,12.0,83.0,42.0,17.0,43.0,31.0,4194.0,12227.0,3129.0,526.0,2669.0,551.0,11923.0,1295.0
C[T>G]C,483.0,657.0,408.0,350.0,747.0,412.0,671.0,55.0,390.0,19.0,60.0,71.0,50.0,31.0,178.0,25.0,34.0,37.0,36.0,299.0,21.0,15.0,61.0,40.0,45.0,51.0,20.0,19.0,32.0,66.0,68.0,23.0,20.0,16.0,10.0,97.0,81.0,19.0,56.0,38.0,34.0,37.0,12.0,27.0,15.0,59.0,7.0,64.0,28.0,16.0,42.0,20.0,1300.0,6518.0,1247.0,217.0,1309.0,228.0,5304.0,590.0
C[T>G]G,542.0,638.0,412.0,468.0,925.0,478.0,763.0,58.0,403.0,29.0,78.0,64.0,54.0,38.0,110.0,39.0,45.0,38.0,63.0,218.0,24.0,10.0,93.0,69.0,109.0,66.0,27.0,37.0,41.0,73.0,69.0,53.0,26.0,23.0,13.0,68.0,96.0,17.0,64.0,66.0,49.0,44.0,25.0,51.0,30.0,72.0,22.0,90.0,52.0,29.0,87.0,43.0,2642.0,10633.0,1856.0,304.0,2221.0,350.0,8928.0,1041.0
C[T>G]T,1309.0,2127.0,792.0,616.0,1388.0,1248.0,2353.0,117.0,1720.0,67.0,365.0,1438.0,451.0,339.0,2587.0,123.0,122.0,186.0,273.0,3256.0,46.0,41.0,966.0,255.0,194.0,539.0,55.0,63.0,180.0,829.0,160.0,167.0,80.0,99.0,71.0,431.0,189.0,75.0,120.0,194.0,141.0,112.0,50.0,131.0,39.0,420.0,63.0,707.0,143.0,49.0,245.0,135.0,17317.0,71393.0,17659.0,3027.0,12751.0,2437.0,68245.0,6930.0
G[T>G]A,61.0,68.0,81.0,20.0,45.0,50.0,66.0,8.0,56.0,16.0,46.0,32.0,18.0,22.0,35.0,7.0,31.0,15.0,20.0,52.0,12.0,10.0,31.0,46.0,40.0,27.0,19.0,13.0,42.0,29.0,66.0,19.0,16.0,23.0,8.0,75.0,54.0,14.0,32.0,29.0,12.0,33.0,3.0,31.0,12.0,36.0,9.0,45.0,8.0,5.0,29.0,10.0,986.0,2676.0,1290.0,163.0,1053.0,189.0,3760.0,855.0
G[T>G]C,129.0,205.0,152.0,42.0,165.0,139.0,407.0,13.0,101.0,3.0,26.0,13.0,13.0,23.0,50.0,8.0,12.0,13.0,12.0,79.0,7.0,8.0,26.0,19.0,27.0,19.0,13.0,5.0,18.0,20.0,29.0,17.0,10.0,15.0,5.0,41.0,44.0,6.0,18.0,24.0,12.0,13.0,4.0,10.0,4.0,23.0,6.0,23.0,9.0,10.0,22.0,13.0,1284.0,4945.0,1997.0,347.0,1651.0,308.0,6391.0,1193.0
G[T>G]G,279.0,219.0,164.0,87.0,215.0,201.0,449.0,28.0,215.0,44.0,65.0,36.0,43.0,36.0,82.0,35.0,26.0,31.0,55.0,105.0,23.0,11.0,69.0,47.0,63.0,62.0,23.0,20.0,28.0,49.0,49.0,53.0,32.0,17.0,21.0,64.0,119.0,21.0,43.0,41.0,32.0,42.0,11.0,29.0,25.0,39.0,18.0,81.0,33.0,14.0,56.0,35.0,768.0,2600.0,969.0,150.0,1067.0,183.0,3574.0,700.0
G[T>G]T,787.0,1046.0,565.0,280.0,748.0,864.0,2065.0,74.0,622.0,28.0,83.0,267.0,159.0,122.0,591.0,41.0,56.0,62.0,95.0,810.0,25.0,24.0,230.0,106.0,98.0,158.0,36.0,50.0,51.0,208.0,82.0,69.0,30.0,53.0,22.0,124.0,89.0,38.0,70.0,84.0,62.0,58.0,34.0,41.0,28.0,122.0,31.0,210.0,64.0,36.0,87.0,44.0,3862.0,15007.0,5532.0,912.0,3989.0,841.0,19532.0,2789.0
T[T>G]A,77.0,170.0,205.0,42.0,62.0,117.0,126.0,12.0,133.0,63.0,184.0,199.0,63.0,62.0,342.0,66.0,58.0,72.0,80.0,314.0,23.0,28.0,258.0,213.0,154.0,58.0,60.0,53.0,183.0,119.0,346.0,95.0,59.0,67.0,35.0,520.0,266.0,54.0,116.0,122.0,58.0,169.0,38.0,67.0,23.0,124.0,46.0,239.0,67.0,30.0,77.0,60.0,20705.0,32162.0,7934.0,2387.0,8953.0,3639.0,39301.0,6906.0
T[T>G]C,116.0,137.0,132.0,54.0,90.0,104.0,169.0,21.0,91.0,21.0,45.0,67.0,33.0,44.0,120.0,29.0,41.0,32.0,48.0,148.0,9.0,18.0,79.0,65.0,63.0,45.0,27.0,22.0,38.0,60.0,109.0,30.0,18.0,41.0,18.0,167.0,104.0,22.0,48.0,49.0,25.0,66.0,23.0,23.0,18.0,60.0,13.0,72.0,34.0,15.0,52.0,25.0,7202.0,21850.0,6377.0,1640.0,8103.0,1429.0,20732.0,5116.0
T[T>G]G,239.0,278.0,279.0,210.0,204.0,198.0,263.0,36.0,192.0,42.0,103.0,93.0,68.0,58.0,112.0,32.0,45.0,47.0,79.0,155.0,31.0,29.0,125.0,106.0,139.0,78.0,44.0,53.0,68.0,84.0,125.0,71.0,52.0,44.0,22.0,163.0,144.0,28.0,77.0,78.0,36.0,73.0,28.0,70.0,38.0,61.0,34.0,92.0,48.0,33.0,85.0,44.0,3251.0,8774.0,1527.0,508.0,2348.0,650.0,9139.0,1630.0
T[T>G]T,824.0,1245.0,705.0,513.0,582.0,759.0,1142.0,111.0,882.0,113.0,303.0,511.0,271.0,219.0,1045.0,181.0,142.0,213.0,194.0,1483.0,102.0,83.0,494.0,459.0,312.0,252.0,129.0,134.0,319.0,448.0,373.0,210.0,90.0,300.0,77.0,816.0,442.0,100.0,288.0,383.0,186.0,255.0,114.0,170.0,80.0,333.0,138.0,552.0,181.0,80.0,228.0,154.0,145165.0,339431.0,102583.0,29876.0,102642.0,31212.0,381341.0,75301.0
