,Sig1,Sig2,Sig3,Sig4
A[C>A]A,0.0009614565001416607,0.01539934413798465,0.014243342882715114,0.029107723454587675
A[C>A]C,0.001049461559096653,0.011745792502911117,0.010867306212926291,0.029449050068839955
A[C>A]G,0.0001342212607305047,0.0015952253614955334,0.0007784816960170373,0.004780519444303234
A[C>A]T,0.0010985531505147339,0.011289600673848758,0.013329366092434989,0.03602766250884028
C[C>A]A,0.0010190314022032237,0.01112160753416892,0.009916185231088767,0.02446663863042706
C[C>A]C,0.0010302215567921495,0.009378811868735782,0.005873469430290966,0.02848199462775353
C[C>A]G,9.785281412757957e-05,0.0011789623959995495,0.001570946514742351,0.002147899098487021
C[C>A]T,0.00121951401034015,0.010427311847419855,0.01060650199868439,0.028302442042062125
G[C>A]A,0.0005367037437591691,0.00701418562233337,0.010216818109177931,0.012457500642991934
G[C>A]C,0.0007057668846276599,0.005071061414682117,0.005757857876290775,0.015655713839421288
G[C>A]G,4.23332640262822e-05,0.0006645777936424245,0.0015512249747015128,0.002006570556009039
G[C>A]T,0.0006241349922643646,0.005829527971009484,0.006501654097484307,0.017140199727462575
T[C>A]A,0.0008476386635472422,0.008997451954417621,0.012273586087245781,0.016899569793579792
T[C>A]C,0.0013702103239459959,0.009326839809324096,0.006724575888804866,0.01451159541081939
T[C>A]G,7.063740517151335e-05,0.0016084910772013901,0.0014985261803534416,0.00029907899296164844
T[C>A]T,0.0011774526251322936,0.011277462289096532,0.012642460183166063,0.021859802462085864
A[C>G]A,0.0006044900732939746,0.006958778092478626,0.010764127410634152,0.012306775187095366
A[C>G]C,0.0003840670721834561,0.003494332965243642,0.006613113785044313,0.005817875989634457
A[C>G]G,0.00011760420110459468,0.001016083626937776,0.0017690446850180932,0.001347630918454408
A[C>G]T,0.0007359507038905863,0.0072755037021171145,0.011072709481909422,0.009050484588134169
C[C>G]A,0.0003239956621752485,0.0028337221469197154,0.005571057956666165,0.005862567925381478
C[C>G]C,0.0003075940566018747,0.003111205382241932,0.005194897157883658,0.0034602733017408886
C[C>G]G,2.9353877142780733e-05,0.0005787476781541532,0.0007774712524344875,0.0009184586834493128
C[C>G]T,0.0004208707469137924,0.004752360518043283,0.008355531080407319,0.006596322806539076
G[C>G]A,0.00018878546395433154,0.0023928124618624357,0.004993043906998675,0.0018675602460516254
G[C>G]C,0.00031586312734318303,0.002345342648681031,0.005602417847519089,0.003004599510252929
G[C>G]G,6.0387974003468696e-05,0.0005722837860793221,0.0003128617985879575,0.00018667865519964908
G[C>G]T,0.000420360876702401,0.0029329269544023655,0.006341105333644078,0.005166368353465226
T[C>G]A,0.0007198434724380733,0.005772817434677561,0.011757658536459893,0.0075857874952418025
T[C>G]C,0.0007756617874198493,0.00465845267982516,0.011448271803724423,0.0067868279469906236
T[C>G]G,7.470851699424169e-05,0.0005992459658502012,0.0008026500758095519,0.00104166004535759
T[C>G]T,0.001367039503904137,0.011146506288307085,0.027659441784262443,0.018494707621230833
A[C>T]A,0.03205682442119705,0.024369761466265457,0.01840238787507294,0.018582884656256123
A[C>T]C,0.10643980481526265,0.01044612666095283,0.00918987667347029,0.008337820511691876
A[C>T]G,0.010210544514898877,0.1576222841258325,0.007401662101441478,0.02025602889928932
A[C>T]T,0.08757518414342765,0.01440053817441794,0.012718570547589498,0.02102610613644336
C[C>T]A,0.029476262095594313,0.015536679273135203,0.014876731793357339,0.008078973246343565
C[C>T]C,0.1166242689267648,0.018479478028413224,0.01617789429756894,0.005484845102445378
C[C>T]G,0.005897470694249485,0.056407970688112895,0.01110871614691035,0.005383653080579801
C[C>T]T,0.08439004756394951,0.020405409267859567,0.01630726798573459,0.017307112581547563
G[C>T]A,0.028787664414175174,0.011100656092676176,0.013281946436701265,0.007075543175770344
G[C>T]C,0.08911322085239531,0.01303570031717966,0.014034841711294986,0.008039886764642979
G[C>T]G,0.008057357290743025,0.07974749694075564,0.018359226244270187,0.009929289392531689
G[C>T]T,0.06561486842997881,0.012754103325462871,0.013985483475840875,0.011074670007854755
T[C>T]A,0.03441521753384751,0.015108101864419545,0.014931862599027209,0.009709852589221255
T[C>T]C,0.13178079862546002,0.014751338467538146,0.015615705316181606,0.01022851685081501
T[C>T]G,0.005474546763614253,0.04839788708892202,0.008336551411726017,0.004771934080967792
T[C>T]T,0.11061709009089121,0.015814079262180654,0.013400111706294354,0.019552767550973512
A[T>A]A,0.0009626072100428644,0.00807495989350864,0.009851660756223977,0.013636536038101561
A[T>A]C,0.0005644456674624734,0.00476683216225528,0.007057861550381618,0.008535445379214388
A[T>A]G,0.0005454384975137977,0.005833004109296264,0.007438257116217743,0.014893585090041307
A[T>A]T,0.000874122521236152,0.009524396802057916,0.012046617449964278,0.019529569428504694
C[T>A]A,0.0005071465551771807,0.0050963535484886,0.005928055915787698,0.010711983558720668
C[T>A]C,0.0005300545530011258,0.006516732970816316,0.004049355050745762,0.016583873714677986
C[T>A]G,0.0005966834555966517,0.00579789519926497,0.00632873964188061,0.014807735733876358
C[T>A]T,0.0007678628945710458,0.010627574907841336,0.006879160560240246,0.023835476739822562
G[T>A]A,0.00024672898364069547,0.0029251125050623883,0.003845394530879186,0.007083530166352245
G[T>A]C,0.0003288984501421811,0.002083719535003685,0.004623466307006714,0.00670580277474496
G[T>A]G,0.00032837998197735176,0.0032370011618767782,0.005126619861813525,0.008144372241626629
G[T>A]T,0.000543621954961777,0.0060165336043913045,0.0045182600132248184,0.017451336799687772
T[T>A]A,0.0006597436557809966,0.0071067975784255945,0.007471345658931335,0.015212972686110637
T[T>A]C,0.000514536601947649,0.0048720943146949225,0.004721337236667624,0.01255099415319435
T[T>A]G,0.00041997812623856837,0.0036052692963858576,0.005386102565608613,0.009733828714715414
T[T>A]T,0.0012185642654377845,0.012391739306160733,0.011154168144021434,0.031095392705648126
A[T>C]A,0.0022747769933726685,0.017661378089086473,0.040963326215123406,0.015036332793487284
A[T>C]C,0.0011773646800157334,0.007128342104827494,0.02185076686667083,0.008361720112011561
A[T>C]G,0.0011705689816452803,0.01276072301090996,0.024386390821160595,0.011347040452550056
A[T>C]T,0.0023388674901349354,0.019992795670083226,0.03721046859666573,0.017859310336330855
C[T>C]A,0.000740119116557646,0.006143269310459961,0.014070167722720442,0.003119677611262786
C[T>C]C,0.001056831224288237,0.00776501402535811,0.020123038321457783,0.012844091485401395
C[T>C]G,0.0005934215233742643,0.004905205908535609,0.01631815827208805,0.007194347349397646
C[T>C]T,0.0009183192315617983,0.008448676627886422,0.01746555710311866,0.011027173010484144
G[T>C]A,0.0021556558087359036,0.006962877297614355,0.02522433048053869,0.0047985935488013545
G[T>C]C,0.0014193573538662109,0.004666099297931485,0.024044036795142578,0.003428810358594785
G[T>C]G,0.000829857405296649,0.005634847361221107,0.018888659162505962,0.005257624562034573
G[T>C]T,0.0015071569613889547,0.00956159164421452,0.025932433784783694,0.007853924623492731
T[T>C]A,0.0010821881079262708,0.00826406148391973,0.02089125858943964,0.006792866197863762
T[T>C]C,0.0010167900865275198,0.007677849908741904,0.023010257081071545,0.01201312225228366
T[T>C]G,0.000563388445219092,0.00489736691942704,0.013955964191247821,0.005348957532868836
T[T>C]T,0.0013208060435306631,0.012808029359975336,0.024974331273523092,0.012359791892744896
A[T>G]A,0.0004871273112928049,0.004177722094499669,0.00536111966714832,0.007716704553529536
A[T>G]C,0.00018243168038657647,0.0014206310357386545,0.0027213196756199825,0.0029739719883623322
A[T>G]G,0.0004108311589335881,0.003853123270565297,0.002792520761666642,0.005172417730403118
A[T>G]T,0.000427945572928666,0.004219072538867865,0.0056775705769698025,0.0017765212008113579
C[T>G]A,0.00012587835929764202,0.0013963377254224399,0.0016922794914473566,0.0024466446234112115
C[T>G]C,0.0001379708239152335,0.002135005704397951,0.00316823262923201,0.0017159731426475463
C[T>G]G,0.00025222691594583923,0.0024619665745882592,0.003227905744119567,0.005986475216811272
C[T>G]T,0.0003105480725069557,0.0034598034785238347,0.00387252610309924,0.0029137294836321763
G[T>G]A,7.767839001150768e-05,0.0011705070730245962,0.0016775965685004288,0.0023567186310588196
G[T>G]C,0.00010649823244358614,0.0009963704929716708,0.0017818112523807143,0.0008003006173128765
G[T>G]G,0.00020624387622522622,0.002668753364942742,0.002607742772949364,0.006268040465725683
G[T>G]T,0.00030511637493198007,0.001810118206367899,0.002944816382889191,0.004944847605726527
T[T>G]A,0.0003470216974727287,0.003564957078729727,0.003789894957434492,0.0038978277825016034
T[T>G]C,0.00033044981173984555,0.002170350386346279,0.0038984414618483945,0.0024420999986536763
T[T>G]G,0.0003684842084528208,0.0035834904895455095,0.0044846550576669465,0.007012545357830962
T[T>G]T,0.0007863262364081039,0.006412657939527252,0.013049475584563808,0.008490936354705214
