Type,SP23622,SP23639,SP23739,SP23754,SP23775,SP24135,SP24236,SP24301,SP24391,SP24565,SP24702,SP24708,SP24815,SP25332,SP25350,SP25380,SP25494,SP25518,SP25833,SP25905,SP26439,SP26475,SP26499,SP26649,SP26709,SP27201,SP27339,SP27603,SP27825,SP27939,SP27957,SP28041,SP28275,SP28335,SP28581,SP28659,SP28791,SP29331,SP29559,SP29697
A[C>A]A,96.0,107.0,103.0,43.0,164.0,125.0,211.0,108.0,133.0,113.0,165.0,155.0,223.0,36.0,126.0,130.0,190.0,180.0,140.0,111.0,70.0,132.0,60.0,79.0,85.0,119.0,93.0,164.0,156.0,70.0,157.0,185.0,66.0,146.0,93.0,129.0,60.0,147.0,95.0,65.0
A[C>A]C,81.0,98.0,78.0,39.0,131.0,88.0,217.0,94.0,88.0,78.0,143.0,125.0,216.0,26.0,91.0,101.0,211.0,151.0,140.0,115.0,57.0,113.0,44.0,55.0,70.0,97.0,66.0,137.0,114.0,65.0,117.0,180.0,64.0,118.0,67.0,118.0,50.0,116.0,78.0,41.0
A[C>A]G,8.0,7.0,11.0,3.0,18.0,16.0,37.0,23.0,18.0,15.0,20.0,15.0,28.0,2.0,15.0,18.0,25.0,17.0,17.0,14.0,6.0,14.0,4.0,8.0,10.0,17.0,5.0,22.0,13.0,8.0,16.0,22.0,8.0,19.0,8.0,16.0,8.0,17.0,6.0,4.0
A[C>A]T,82.0,87.0,96.0,29.0,151.0,106.0,271.0,105.0,101.0,81.0,143.0,106.0,242.0,11.0,100.0,139.0,221.0,197.0,147.0,125.0,84.0,109.0,36.0,54.0,69.0,108.0,68.0,142.0,123.0,52.0,154.0,193.0,62.0,137.0,63.0,125.0,50.0,101.0,91.0,56.0
C[C>A]A,68.0,69.0,67.0,29.0,127.0,92.0,183.0,103.0,88.0,65.0,98.0,86.0,184.0,27.0,94.0,110.0,213.0,174.0,105.0,114.0,55.0,100.0,37.0,58.0,48.0,88.0,57.0,100.0,98.0,50.0,103.0,148.0,57.0,125.0,72.0,117.0,35.0,100.0,79.0,55.0
C[C>A]C,58.0,73.0,63.0,20.0,105.0,89.0,169.0,78.0,77.0,49.0,104.0,86.0,176.0,6.0,80.0,95.0,211.0,141.0,126.0,114.0,38.0,100.0,56.0,58.0,49.0,67.0,51.0,109.0,103.0,37.0,119.0,148.0,74.0,135.0,64.0,110.0,25.0,85.0,61.0,38.0
C[C>A]G,4.0,11.0,3.0,5.0,33.0,6.0,18.0,10.0,8.0,8.0,10.0,10.0,23.0,1.0,5.0,8.0,20.0,15.0,10.0,12.0,4.0,10.0,6.0,10.0,6.0,6.0,10.0,12.0,5.0,9.0,7.0,18.0,6.0,9.0,12.0,11.0,3.0,13.0,14.0,2.0
C[C>A]T,61.0,99.0,67.0,39.0,128.0,85.0,234.0,96.0,89.0,74.0,124.0,96.0,176.0,23.0,84.0,110.0,249.0,158.0,131.0,100.0,56.0,100.0,46.0,46.0,56.0,92.0,49.0,117.0,110.0,47.0,122.0,166.0,51.0,118.0,63.0,103.0,38.0,92.0,66.0,41.0
G[C>A]A,43.0,57.0,39.0,27.0,62.0,47.0,103.0,66.0,49.0,39.0,83.0,61.0,71.0,24.0,57.0,60.0,110.0,83.0,75.0,59.0,51.0,68.0,21.0,28.0,33.0,62.0,40.0,60.0,61.0,37.0,50.0,87.0,40.0,82.0,42.0,81.0,31.0,63.0,50.0,38.0
G[C>A]C,35.0,32.0,46.0,12.0,48.0,63.0,90.0,58.0,36.0,27.0,65.0,56.0,87.0,12.0,47.0,52.0,136.0,89.0,60.0,50.0,30.0,66.0,25.0,19.0,24.0,42.0,35.0,58.0,47.0,32.0,52.0,79.0,31.0,64.0,45.0,41.0,25.0,45.0,42.0,19.0
G[C>A]G,3.0,3.0,6.0,3.0,15.0,10.0,9.0,8.0,5.0,5.0,7.0,10.0,10.0,2.0,3.0,8.0,8.0,8.0,11.0,10.0,6.0,11.0,7.0,0.0,8.0,6.0,1.0,9.0,4.0,5.0,4.0,7.0,6.0,12.0,6.0,7.0,3.0,5.0,6.0,4.0
G[C>A]T,38.0,40.0,46.0,17.0,62.0,55.0,105.0,41.0,46.0,29.0,65.0,66.0,115.0,12.0,63.0,67.0,126.0,80.0,67.0,75.0,30.0,55.0,27.0,32.0,37.0,43.0,38.0,62.0,57.0,27.0,66.0,88.0,31.0,82.0,35.0,65.0,34.0,66.0,42.0,32.0
T[C>A]A,59.0,64.0,47.0,26.0,110.0,89.0,143.0,78.0,68.0,55.0,84.0,84.0,108.0,21.0,59.0,81.0,168.0,99.0,108.0,76.0,57.0,67.0,30.0,53.0,52.0,57.0,45.0,89.0,76.0,50.0,94.0,105.0,48.0,93.0,71.0,90.0,40.0,70.0,71.0,47.0
T[C>A]C,50.0,72.0,63.0,35.0,103.0,86.0,132.0,71.0,72.0,45.0,85.0,69.0,122.0,22.0,62.0,86.0,279.0,102.0,66.0,72.0,33.0,83.0,36.0,43.0,48.0,59.0,40.0,86.0,69.0,43.0,85.0,86.0,54.0,88.0,62.0,91.0,19.0,76.0,49.0,45.0
T[C>A]G,5.0,11.0,9.0,6.0,12.0,9.0,11.0,13.0,4.0,6.0,11.0,9.0,10.0,4.0,8.0,12.0,13.0,8.0,10.0,10.0,10.0,5.0,7.0,6.0,7.0,9.0,15.0,19.0,17.0,8.0,4.0,11.0,4.0,10.0,6.0,11.0,3.0,9.0,2.0,10.0
T[C>A]T,56.0,73.0,61.0,34.0,156.0,104.0,198.0,96.0,97.0,59.0,105.0,92.0,177.0,35.0,72.0,91.0,239.0,152.0,105.0,101.0,61.0,104.0,37.0,53.0,67.0,123.0,66.0,90.0,103.0,54.0,117.0,148.0,60.0,89.0,55.0,111.0,48.0,94.0,79.0,58.0
A[C>G]A,46.0,60.0,57.0,17.0,92.0,68.0,101.0,61.0,54.0,59.0,65.0,62.0,93.0,7.0,53.0,71.0,118.0,97.0,61.0,56.0,56.0,51.0,27.0,36.0,31.0,44.0,37.0,72.0,81.0,41.0,68.0,73.0,44.0,61.0,53.0,77.0,27.0,60.0,59.0,28.0
A[C>G]C,24.0,34.0,22.0,18.0,58.0,48.0,51.0,25.0,29.0,16.0,36.0,23.0,39.0,5.0,19.0,48.0,78.0,31.0,24.0,33.0,27.0,31.0,15.0,5.0,14.0,20.0,23.0,40.0,53.0,16.0,29.0,38.0,31.0,36.0,29.0,45.0,16.0,40.0,29.0,17.0
A[C>G]G,3.0,15.0,9.0,9.0,8.0,3.0,13.0,5.0,6.0,5.0,9.0,12.0,12.0,1.0,5.0,10.0,22.0,11.0,12.0,8.0,6.0,5.0,4.0,4.0,5.0,8.0,3.0,12.0,11.0,6.0,6.0,9.0,5.0,11.0,2.0,18.0,7.0,13.0,7.0,4.0
A[C>G]T,39.0,70.0,46.0,23.0,98.0,72.0,96.0,67.0,44.0,38.0,56.0,45.0,91.0,8.0,58.0,65.0,147.0,96.0,52.0,43.0,57.0,50.0,24.0,30.0,35.0,54.0,26.0,69.0,99.0,44.0,69.0,92.0,51.0,52.0,56.0,74.0,29.0,66.0,57.0,35.0
C[C>G]A,12.0,36.0,21.0,7.0,53.0,33.0,47.0,29.0,15.0,17.0,26.0,25.0,36.0,4.0,29.0,29.0,64.0,32.0,45.0,28.0,29.0,26.0,12.0,16.0,11.0,13.0,20.0,29.0,39.0,19.0,21.0,30.0,19.0,32.0,25.0,35.0,13.0,31.0,17.0,6.0
C[C>G]C,15.0,38.0,28.0,11.0,36.0,27.0,37.0,20.0,16.0,12.0,30.0,19.0,29.0,5.0,22.0,33.0,63.0,30.0,30.0,18.0,25.0,22.0,15.0,19.0,17.0,22.0,14.0,26.0,29.0,24.0,34.0,25.0,18.0,31.0,19.0,35.0,14.0,26.0,19.0,12.0
C[C>G]G,5.0,2.0,4.0,3.0,6.0,9.0,7.0,4.0,5.0,4.0,2.0,8.0,7.0,0.0,4.0,5.0,6.0,9.0,8.0,4.0,5.0,2.0,3.0,1.0,5.0,3.0,7.0,6.0,5.0,4.0,5.0,5.0,3.0,7.0,3.0,5.0,2.0,7.0,4.0,1.0
C[C>G]T,33.0,45.0,42.0,14.0,43.0,50.0,61.0,38.0,29.0,25.0,43.0,28.0,50.0,13.0,24.0,61.0,80.0,46.0,43.0,41.0,41.0,27.0,16.0,19.0,28.0,30.0,23.0,36.0,66.0,34.0,46.0,48.0,44.0,30.0,36.0,52.0,18.0,47.0,37.0,20.0
G[C>G]A,9.0,20.0,24.0,12.0,31.0,18.0,23.0,20.0,21.0,11.0,28.0,9.0,22.0,7.0,12.0,27.0,39.0,15.0,21.0,23.0,19.0,12.0,9.0,11.0,6.0,17.0,20.0,13.0,19.0,15.0,19.0,15.0,13.0,22.0,17.0,28.0,9.0,21.0,19.0,8.0
G[C>G]C,11.0,15.0,18.0,11.0,35.0,30.0,23.0,16.0,20.0,12.0,25.0,13.0,28.0,8.0,14.0,24.0,63.0,26.0,28.0,15.0,19.0,20.0,17.0,11.0,12.0,17.0,12.0,21.0,31.0,12.0,17.0,20.0,21.0,23.0,18.0,27.0,16.0,15.0,19.0,11.0
G[C>G]G,7.0,2.0,4.0,3.0,7.0,5.0,6.0,2.0,3.0,1.0,3.0,4.0,5.0,3.0,4.0,3.0,11.0,3.0,2.0,2.0,2.0,4.0,1.0,5.0,1.0,3.0,2.0,2.0,4.0,0.0,2.0,5.0,1.0,3.0,1.0,3.0,1.0,4.0,1.0,6.0
G[C>G]T,17.0,31.0,26.0,14.0,43.0,42.0,42.0,22.0,27.0,16.0,32.0,16.0,41.0,6.0,17.0,35.0,83.0,39.0,32.0,24.0,24.0,20.0,18.0,17.0,15.0,11.0,15.0,22.0,38.0,17.0,33.0,37.0,18.0,30.0,25.0,31.0,14.0,40.0,28.0,7.0
T[C>G]A,38.0,51.0,61.0,25.0,127.0,51.0,62.0,57.0,37.0,24.0,78.0,39.0,89.0,12.0,32.0,96.0,142.0,42.0,61.0,45.0,39.0,38.0,32.0,31.0,20.0,36.0,25.0,43.0,66.0,34.0,68.0,37.0,31.0,44.0,51.0,58.0,14.0,56.0,39.0,23.0
T[C>G]C,29.0,40.0,50.0,21.0,91.0,49.0,64.0,41.0,23.0,30.0,66.0,27.0,61.0,7.0,31.0,55.0,148.0,41.0,54.0,44.0,55.0,31.0,27.0,31.0,26.0,30.0,17.0,45.0,75.0,30.0,55.0,32.0,32.0,44.0,34.0,55.0,18.0,36.0,29.0,18.0
T[C>G]G,4.0,6.0,4.0,2.0,6.0,6.0,5.0,5.0,3.0,9.0,3.0,5.0,5.0,0.0,6.0,9.0,15.0,2.0,5.0,8.0,3.0,3.0,2.0,6.0,4.0,5.0,6.0,5.0,5.0,3.0,4.0,7.0,3.0,9.0,2.0,6.0,5.0,10.0,6.0,0.0
T[C>G]T,72.0,106.0,96.0,39.0,191.0,115.0,143.0,123.0,86.0,77.0,145.0,79.0,186.0,23.0,78.0,176.0,268.0,123.0,110.0,82.0,92.0,89.0,51.0,59.0,54.0,52.0,48.0,108.0,184.0,62.0,132.0,88.0,81.0,88.0,110.0,147.0,69.0,86.0,114.0,46.0
A[C>T]A,115.0,129.0,198.0,60.0,217.0,253.0,221.0,164.0,176.0,129.0,160.0,234.0,237.0,49.0,160.0,169.0,6810.0,246.0,142.0,146.0,102.0,140.0,87.0,97.0,92.0,150.0,122.0,183.0,162.0,147.0,170.0,241.0,132.0,178.0,179.0,235.0,74.0,192.0,105.0,114.0
A[C>T]C,58.0,81.0,105.0,24.0,104.0,85.0,100.0,51.0,68.0,60.0,89.0,89.0,97.0,19.0,57.0,55.0,27693.0,95.0,73.0,59.0,41.0,59.0,44.0,54.0,61.0,62.0,65.0,82.0,75.0,65.0,69.0,96.0,69.0,88.0,74.0,97.0,30.0,84.0,53.0,59.0
A[C>T]G,656.0,974.0,631.0,455.0,1138.0,1127.0,1230.0,1027.0,961.0,786.0,724.0,1045.0,1248.0,188.0,987.0,953.0,2106.0,1326.0,542.0,580.0,258.0,544.0,408.0,894.0,441.0,1091.0,784.0,1143.0,1026.0,995.0,1283.0,1771.0,867.0,810.0,1041.0,1363.0,218.0,978.0,189.0,554.0
A[C>T]T,73.0,121.0,155.0,33.0,167.0,143.0,177.0,117.0,86.0,68.0,124.0,162.0,175.0,29.0,105.0,80.0,21443.0,178.0,124.0,120.0,69.0,109.0,66.0,63.0,69.0,95.0,76.0,132.0,87.0,78.0,105.0,174.0,95.0,136.0,117.0,137.0,59.0,117.0,63.0,63.0
C[C>T]A,62.0,101.0,192.0,36.0,173.0,176.0,101.0,89.0,92.0,75.0,98.0,143.0,126.0,28.0,103.0,87.0,5947.0,197.0,92.0,76.0,63.0,66.0,63.0,49.0,64.0,73.0,82.0,131.0,92.0,84.0,87.0,155.0,122.0,163.0,121.0,147.0,43.0,111.0,71.0,71.0
C[C>T]C,92.0,100.0,235.0,55.0,126.0,236.0,79.0,99.0,96.0,86.0,113.0,155.0,143.0,40.0,110.0,84.0,29496.0,214.0,104.0,80.0,68.0,67.0,65.0,65.0,90.0,108.0,70.0,161.0,91.0,111.0,89.0,204.0,129.0,217.0,180.0,203.0,63.0,100.0,76.0,76.0
C[C>T]G,200.0,358.0,270.0,173.0,395.0,385.0,406.0,351.0,329.0,254.0,267.0,384.0,388.0,75.0,333.0,383.0,1211.0,487.0,196.0,238.0,123.0,177.0,161.0,275.0,170.0,367.0,247.0,404.0,358.0,331.0,424.0,619.0,318.0,303.0,378.0,495.0,117.0,372.0,77.0,224.0
C[C>T]T,107.0,153.0,151.0,57.0,175.0,207.0,160.0,131.0,134.0,108.0,129.0,183.0,217.0,39.0,147.0,140.0,20691.0,207.0,140.0,151.0,86.0,115.0,80.0,79.0,99.0,108.0,113.0,165.0,96.0,121.0,124.0,170.0,133.0,174.0,176.0,215.0,61.0,176.0,98.0,96.0
G[C>T]A,46.0,65.0,88.0,48.0,108.0,101.0,72.0,90.0,67.0,60.0,86.0,95.0,108.0,31.0,82.0,85.0,6127.0,90.0,64.0,70.0,53.0,61.0,37.0,52.0,57.0,66.0,54.0,95.0,77.0,66.0,72.0,81.0,82.0,94.0,71.0,85.0,30.0,103.0,72.0,60.0
G[C>T]C,53.0,90.0,66.0,54.0,115.0,95.0,97.0,88.0,85.0,76.0,82.0,95.0,101.0,26.0,104.0,77.0,22610.0,112.0,84.0,99.0,93.0,88.0,48.0,51.0,81.0,83.0,67.0,105.0,86.0,92.0,115.0,79.0,121.0,94.0,81.0,123.0,41.0,100.0,54.0,67.0
G[C>T]G,317.0,520.0,368.0,202.0,523.0,556.0,532.0,501.0,461.0,391.0,364.0,577.0,609.0,99.0,493.0,551.0,1659.0,709.0,314.0,317.0,221.0,277.0,217.0,411.0,252.0,524.0,372.0,568.0,507.0,515.0,639.0,871.0,505.0,424.0,503.0,690.0,130.0,516.0,141.0,340.0
G[C>T]T,72.0,86.0,81.0,57.0,88.0,90.0,117.0,91.0,98.0,72.0,80.0,98.0,141.0,20.0,121.0,66.0,15693.0,109.0,107.0,75.0,83.0,79.0,65.0,49.0,55.0,80.0,63.0,94.0,71.0,98.0,80.0,98.0,116.0,107.0,90.0,133.0,36.0,108.0,85.0,56.0
T[C>T]A,68.0,119.0,175.0,47.0,203.0,198.0,103.0,87.0,81.0,48.0,101.0,100.0,222.0,28.0,95.0,101.0,7111.0,162.0,96.0,62.0,41.0,82.0,55.0,64.0,71.0,65.0,73.0,142.0,106.0,75.0,99.0,129.0,77.0,139.0,164.0,143.0,61.0,94.0,49.0,63.0
T[C>T]C,63.0,101.0,136.0,57.0,146.0,174.0,125.0,84.0,88.0,66.0,87.0,120.0,182.0,26.0,94.0,95.0,35894.0,134.0,104.0,85.0,67.0,82.0,57.0,56.0,89.0,90.0,91.0,94.0,107.0,91.0,114.0,134.0,110.0,135.0,129.0,142.0,43.0,79.0,87.0,67.0
T[C>T]G,201.0,284.0,213.0,140.0,364.0,349.0,376.0,308.0,269.0,254.0,207.0,323.0,371.0,73.0,303.0,346.0,1123.0,409.0,175.0,174.0,104.0,167.0,118.0,272.0,146.0,332.0,233.0,353.0,324.0,282.0,383.0,551.0,288.0,242.0,293.0,375.0,82.0,260.0,67.0,184.0
T[C>T]T,65.0,100.0,149.0,48.0,153.0,191.0,176.0,112.0,101.0,98.0,111.0,140.0,239.0,36.0,120.0,114.0,28649.0,174.0,120.0,98.0,68.0,103.0,59.0,68.0,78.0,94.0,79.0,118.0,112.0,89.0,143.0,189.0,100.0,162.0,113.0,153.0,71.0,117.0,76.0,77.0
A[T>A]A,50.0,71.0,49.0,34.0,101.0,70.0,98.0,71.0,56.0,49.0,102.0,61.0,90.0,17.0,63.0,83.0,196.0,100.0,65.0,47.0,24.0,51.0,33.0,39.0,52.0,58.0,47.0,83.0,85.0,32.0,80.0,99.0,48.0,94.0,57.0,71.0,46.0,49.0,55.0,28.0
A[T>A]C,16.0,39.0,39.0,18.0,63.0,45.0,55.0,41.0,36.0,33.0,40.0,36.0,71.0,17.0,43.0,41.0,112.0,52.0,50.0,38.0,31.0,49.0,21.0,18.0,25.0,38.0,19.0,44.0,52.0,17.0,42.0,51.0,24.0,50.0,31.0,44.0,20.0,44.0,24.0,24.0
A[T>A]G,33.0,40.0,36.0,16.0,83.0,56.0,102.0,39.0,57.0,53.0,65.0,52.0,96.0,12.0,45.0,60.0,114.0,83.0,75.0,60.0,33.0,42.0,27.0,37.0,39.0,37.0,37.0,69.0,62.0,37.0,59.0,84.0,34.0,58.0,44.0,58.0,30.0,56.0,45.0,11.0
A[T>A]T,51.0,71.0,65.0,35.0,122.0,80.0,164.0,77.0,85.0,50.0,101.0,78.0,151.0,17.0,89.0,114.0,182.0,115.0,91.0,67.0,49.0,75.0,22.0,43.0,59.0,78.0,61.0,100.0,106.0,38.0,90.0,123.0,57.0,104.0,79.0,100.0,39.0,75.0,71.0,40.0
C[T>A]A,34.0,46.0,37.0,16.0,73.0,41.0,90.0,45.0,42.0,37.0,59.0,42.0,65.0,7.0,43.0,40.0,101.0,78.0,55.0,47.0,30.0,42.0,13.0,33.0,22.0,23.0,30.0,70.0,55.0,22.0,66.0,61.0,30.0,44.0,39.0,49.0,20.0,42.0,32.0,17.0
C[T>A]C,47.0,40.0,37.0,17.0,86.0,47.0,136.0,44.0,44.0,31.0,78.0,61.0,115.0,10.0,51.0,55.0,112.0,93.0,74.0,48.0,23.0,64.0,28.0,36.0,30.0,60.0,36.0,92.0,57.0,34.0,55.0,103.0,34.0,75.0,54.0,68.0,19.0,58.0,43.0,29.0
C[T>A]G,40.0,57.0,50.0,11.0,97.0,62.0,102.0,44.0,48.0,35.0,69.0,55.0,96.0,8.0,50.0,55.0,121.0,91.0,65.0,45.0,34.0,67.0,21.0,31.0,31.0,36.0,31.0,77.0,54.0,34.0,54.0,84.0,29.0,77.0,34.0,65.0,21.0,73.0,31.0,22.0
C[T>A]T,67.0,64.0,65.0,40.0,141.0,83.0,192.0,78.0,69.0,65.0,105.0,112.0,158.0,10.0,90.0,129.0,156.0,147.0,105.0,93.0,36.0,86.0,44.0,51.0,45.0,76.0,62.0,113.0,113.0,50.0,97.0,170.0,54.0,113.0,68.0,126.0,36.0,111.0,47.0,32.0
G[T>A]A,16.0,26.0,22.0,9.0,34.0,32.0,56.0,26.0,26.0,16.0,41.0,29.0,49.0,4.0,27.0,38.0,49.0,31.0,31.0,16.0,14.0,21.0,13.0,15.0,13.0,18.0,15.0,34.0,18.0,20.0,35.0,29.0,17.0,40.0,19.0,31.0,15.0,36.0,24.0,14.0
G[T>A]C,11.0,17.0,23.0,9.0,31.0,24.0,43.0,21.0,19.0,14.0,31.0,23.0,39.0,5.0,20.0,33.0,67.0,28.0,38.0,15.0,19.0,29.0,5.0,8.0,13.0,12.0,15.0,18.0,28.0,13.0,21.0,35.0,11.0,31.0,20.0,29.0,15.0,32.0,21.0,9.0
G[T>A]G,32.0,30.0,38.0,7.0,42.0,28.0,42.0,28.0,17.0,25.0,25.0,25.0,65.0,6.0,30.0,25.0,64.0,52.0,36.0,32.0,30.0,38.0,14.0,25.0,20.0,34.0,15.0,37.0,37.0,21.0,36.0,43.0,15.0,25.0,25.0,32.0,11.0,31.0,31.0,10.0
G[T>A]T,49.0,45.0,42.0,12.0,81.0,44.0,130.0,45.0,54.0,51.0,54.0,65.0,118.0,4.0,51.0,74.0,106.0,107.0,68.0,51.0,21.0,47.0,26.0,24.0,33.0,48.0,42.0,63.0,72.0,32.0,65.0,89.0,30.0,66.0,46.0,72.0,23.0,54.0,47.0,23.0
T[T>A]A,56.0,66.0,38.0,23.0,94.0,67.0,118.0,60.0,66.0,41.0,71.0,54.0,107.0,14.0,54.0,82.0,136.0,75.0,65.0,53.0,34.0,64.0,20.0,26.0,34.0,58.0,44.0,66.0,90.0,31.0,58.0,102.0,31.0,69.0,40.0,79.0,25.0,66.0,55.0,37.0
T[T>A]C,25.0,37.0,43.0,15.0,60.0,58.0,95.0,36.0,40.0,27.0,78.0,48.0,99.0,9.0,28.0,51.0,100.0,70.0,58.0,34.0,22.0,49.0,13.0,26.0,25.0,37.0,28.0,70.0,42.0,23.0,47.0,58.0,23.0,53.0,43.0,43.0,18.0,41.0,26.0,24.0
T[T>A]G,28.0,19.0,18.0,19.0,51.0,36.0,63.0,34.0,34.0,22.0,52.0,40.0,75.0,6.0,25.0,44.0,84.0,58.0,39.0,36.0,19.0,42.0,10.0,17.0,19.0,23.0,19.0,29.0,52.0,17.0,40.0,46.0,24.0,35.0,36.0,41.0,17.0,36.0,33.0,13.0
T[T>A]T,76.0,108.0,75.0,30.0,168.0,127.0,295.0,106.0,96.0,89.0,137.0,108.0,197.0,19.0,100.0,112.0,250.0,206.0,135.0,102.0,52.0,104.0,55.0,65.0,63.0,87.0,72.0,139.0,134.0,51.0,128.0,165.0,48.0,124.0,87.0,136.0,44.0,128.0,90.0,50.0
A[T>C]A,90.0,139.0,114.0,53.0,454.0,143.0,178.0,151.0,128.0,114.0,194.0,110.0,190.0,47.0,107.0,144.0,463.0,195.0,134.0,110.0,155.0,124.0,74.0,97.0,104.0,103.0,106.0,185.0,176.0,98.0,135.0,165.0,132.0,148.0,153.0,229.0,88.0,145.0,132.0,70.0
A[T>C]C,37.0,64.0,58.0,28.0,268.0,63.0,109.0,56.0,73.0,50.0,78.0,47.0,105.0,9.0,44.0,68.0,236.0,86.0,49.0,61.0,78.0,46.0,31.0,33.0,42.0,54.0,45.0,57.0,73.0,38.0,73.0,73.0,35.0,61.0,60.0,117.0,48.0,73.0,65.0,33.0
A[T>C]G,62.0,104.0,95.0,44.0,209.0,101.0,124.0,117.0,89.0,68.0,153.0,87.0,154.0,38.0,105.0,93.0,235.0,129.0,99.0,68.0,104.0,92.0,46.0,76.0,63.0,65.0,66.0,119.0,116.0,91.0,82.0,117.0,85.0,92.0,88.0,150.0,52.0,107.0,86.0,37.0
A[T>C]T,121.0,145.0,152.0,60.0,319.0,172.0,199.0,145.0,144.0,116.0,234.0,133.0,227.0,38.0,153.0,174.0,470.0,213.0,138.0,109.0,170.0,124.0,78.0,101.0,110.0,117.0,121.0,157.0,179.0,97.0,162.0,225.0,125.0,156.0,139.0,209.0,92.0,179.0,141.0,95.0
C[T>C]A,33.0,41.0,41.0,25.0,108.0,42.0,59.0,49.0,47.0,29.0,59.0,43.0,52.0,8.0,36.0,52.0,149.0,55.0,34.0,36.0,54.0,35.0,23.0,29.0,36.0,46.0,25.0,55.0,73.0,34.0,50.0,60.0,39.0,49.0,61.0,63.0,29.0,54.0,54.0,37.0
C[T>C]C,54.0,77.0,64.0,18.0,166.0,62.0,110.0,59.0,62.0,41.0,93.0,62.0,98.0,16.0,47.0,107.0,216.0,105.0,83.0,57.0,87.0,55.0,22.0,38.0,39.0,61.0,42.0,104.0,98.0,39.0,81.0,102.0,48.0,93.0,65.0,119.0,59.0,59.0,68.0,44.0
C[T>C]G,28.0,40.0,41.0,17.0,79.0,51.0,55.0,50.0,43.0,37.0,56.0,32.0,74.0,17.0,32.0,60.0,116.0,63.0,49.0,30.0,71.0,37.0,26.0,23.0,28.0,39.0,22.0,64.0,76.0,23.0,45.0,70.0,31.0,52.0,48.0,49.0,36.0,56.0,67.0,22.0
C[T>C]T,42.0,64.0,68.0,25.0,122.0,71.0,90.0,58.0,62.0,49.0,93.0,60.0,79.0,12.0,47.0,99.0,185.0,96.0,61.0,58.0,90.0,78.0,35.0,39.0,47.0,62.0,53.0,84.0,94.0,55.0,88.0,119.0,58.0,87.0,68.0,97.0,33.0,77.0,69.0,42.0
G[T>C]A,45.0,54.0,45.0,22.0,378.0,58.0,77.0,44.0,54.0,38.0,69.0,40.0,82.0,15.0,44.0,69.0,435.0,81.0,50.0,41.0,82.0,52.0,39.0,37.0,45.0,62.0,40.0,67.0,78.0,44.0,64.0,75.0,45.0,60.0,67.0,90.0,41.0,55.0,70.0,33.0
G[T>C]C,28.0,45.0,43.0,27.0,290.0,40.0,63.0,36.0,40.0,26.0,57.0,37.0,57.0,9.0,33.0,41.0,294.0,56.0,44.0,32.0,85.0,22.0,17.0,30.0,32.0,30.0,24.0,40.0,49.0,22.0,47.0,51.0,37.0,58.0,55.0,55.0,42.0,50.0,70.0,24.0
G[T>C]G,35.0,56.0,50.0,22.0,211.0,54.0,52.0,42.0,33.0,42.0,59.0,31.0,76.0,7.0,33.0,60.0,169.0,75.0,52.0,47.0,72.0,35.0,28.0,32.0,26.0,47.0,25.0,69.0,65.0,30.0,42.0,65.0,41.0,48.0,41.0,91.0,34.0,44.0,57.0,25.0
G[T>C]T,43.0,66.0,68.0,28.0,288.0,80.0,105.0,82.0,81.0,56.0,145.0,58.0,83.0,31.0,57.0,97.0,310.0,87.0,72.0,60.0,89.0,72.0,47.0,41.0,53.0,64.0,54.0,77.0,94.0,52.0,85.0,113.0,53.0,76.0,91.0,131.0,39.0,84.0,73.0,43.0
T[T>C]A,50.0,62.0,67.0,31.0,170.0,79.0,82.0,64.0,58.0,51.0,58.0,51.0,103.0,15.0,68.0,102.0,215.0,77.0,47.0,59.0,86.0,50.0,34.0,32.0,49.0,57.0,57.0,58.0,119.0,42.0,73.0,70.0,62.0,80.0,75.0,84.0,46.0,61.0,79.0,32.0
T[T>C]C,38.0,54.0,55.0,36.0,183.0,58.0,97.0,60.0,64.0,52.0,83.0,70.0,110.0,12.0,67.0,88.0,209.0,108.0,71.0,62.0,98.0,64.0,41.0,33.0,43.0,61.0,50.0,87.0,102.0,44.0,68.0,92.0,57.0,78.0,62.0,105.0,58.0,74.0,92.0,34.0
T[T>C]G,24.0,51.0,43.0,13.0,74.0,45.0,63.0,36.0,36.0,28.0,53.0,29.0,79.0,12.0,38.0,39.0,112.0,42.0,28.0,24.0,54.0,31.0,18.0,26.0,38.0,35.0,26.0,46.0,78.0,30.0,36.0,65.0,35.0,45.0,43.0,65.0,25.0,59.0,63.0,18.0
T[T>C]T,69.0,109.0,111.0,43.0,183.0,92.0,139.0,106.0,93.0,80.0,119.0,97.0,135.0,28.0,83.0,130.0,275.0,132.0,89.0,80.0,106.0,78.0,49.0,66.0,65.0,73.0,74.0,124.0,153.0,70.0,100.0,148.0,88.0,122.0,110.0,123.0,55.0,121.0,103.0,46.0
A[T>G]A,31.0,39.0,29.0,12.0,45.0,34.0,64.0,35.0,21.0,26.0,40.0,31.0,50.0,10.0,41.0,41.0,99.0,40.0,53.0,10.0,21.0,43.0,20.0,23.0,18.0,21.0,26.0,41.0,40.0,16.0,47.0,42.0,46.0,60.0,29.0,43.0,20.0,33.0,28.0,21.0
A[T>G]C,9.0,12.0,13.0,5.0,28.0,9.0,20.0,9.0,15.0,6.0,12.0,12.0,22.0,4.0,12.0,16.0,37.0,17.0,22.0,15.0,9.0,14.0,3.0,9.0,13.0,9.0,10.0,13.0,16.0,11.0,13.0,15.0,10.0,13.0,12.0,23.0,8.0,11.0,10.0,2.0
A[T>G]G,20.0,26.0,31.0,10.0,42.0,34.0,56.0,32.0,36.0,18.0,39.0,35.0,45.0,8.0,43.0,28.0,81.0,47.0,28.0,25.0,17.0,19.0,12.0,17.0,17.0,29.0,21.0,30.0,24.0,15.0,32.0,40.0,27.0,32.0,21.0,34.0,14.0,37.0,12.0,8.0
A[T>G]T,20.0,40.0,23.0,17.0,64.0,42.0,49.0,30.0,25.0,22.0,27.0,28.0,42.0,8.0,30.0,38.0,87.0,38.0,24.0,11.0,31.0,26.0,19.0,21.0,10.0,24.0,23.0,25.0,33.0,14.0,32.0,41.0,23.0,28.0,26.0,52.0,9.0,31.0,22.0,18.0
C[T>G]A,8.0,12.0,18.0,4.0,28.0,19.0,17.0,18.0,7.0,8.0,25.0,15.0,17.0,0.0,9.0,13.0,26.0,16.0,13.0,6.0,5.0,15.0,3.0,10.0,5.0,9.0,6.0,10.0,11.0,7.0,6.0,17.0,8.0,14.0,14.0,18.0,5.0,12.0,8.0,7.0
C[T>G]C,11.0,15.0,18.0,11.0,36.0,21.0,21.0,10.0,20.0,10.0,20.0,19.0,22.0,2.0,15.0,20.0,27.0,20.0,13.0,9.0,14.0,17.0,4.0,8.0,9.0,14.0,12.0,16.0,20.0,10.0,22.0,18.0,16.0,16.0,19.0,17.0,4.0,18.0,14.0,10.0
C[T>G]G,17.0,20.0,21.0,5.0,31.0,22.0,49.0,16.0,26.0,12.0,33.0,22.0,33.0,8.0,18.0,27.0,50.0,30.0,29.0,30.0,16.0,19.0,6.0,12.0,16.0,15.0,12.0,23.0,23.0,12.0,23.0,38.0,22.0,21.0,21.0,30.0,10.0,33.0,17.0,11.0
C[T>G]T,20.0,17.0,27.0,14.0,43.0,38.0,33.0,30.0,25.0,10.0,30.0,23.0,26.0,8.0,21.0,27.0,59.0,31.0,20.0,29.0,17.0,19.0,12.0,16.0,14.0,17.0,17.0,29.0,31.0,16.0,32.0,42.0,29.0,26.0,15.0,34.0,7.0,23.0,25.0,20.0
G[T>G]A,10.0,10.0,9.0,5.0,20.0,12.0,16.0,11.0,10.0,2.0,15.0,15.0,20.0,3.0,10.0,10.0,17.0,13.0,13.0,8.0,12.0,10.0,4.0,3.0,7.0,10.0,7.0,17.0,7.0,8.0,16.0,8.0,5.0,19.0,3.0,13.0,3.0,9.0,6.0,4.0
G[T>G]C,5.0,6.0,4.0,2.0,19.0,11.0,12.0,10.0,4.0,6.0,10.0,7.0,9.0,3.0,6.0,3.0,23.0,9.0,11.0,4.0,8.0,8.0,1.0,5.0,2.0,12.0,4.0,11.0,9.0,5.0,11.0,9.0,12.0,7.0,7.0,10.0,5.0,5.0,6.0,3.0
G[T>G]G,19.0,24.0,18.0,7.0,28.0,29.0,49.0,20.0,19.0,17.0,36.0,28.0,30.0,1.0,16.0,33.0,45.0,31.0,16.0,23.0,18.0,38.0,13.0,16.0,9.0,24.0,14.0,33.0,19.0,18.0,23.0,43.0,19.0,25.0,25.0,34.0,14.0,24.0,13.0,5.0
G[T>G]T,14.0,11.0,14.0,13.0,25.0,19.0,32.0,13.0,16.0,5.0,31.0,17.0,27.0,3.0,14.0,15.0,61.0,18.0,35.0,14.0,13.0,18.0,7.0,3.0,14.0,19.0,10.0,13.0,11.0,6.0,22.0,27.0,13.0,20.0,20.0,24.0,4.0,15.0,19.0,13.0
T[T>G]A,29.0,24.0,30.0,15.0,41.0,29.0,31.0,21.0,18.0,20.0,30.0,22.0,30.0,3.0,18.0,42.0,67.0,32.0,23.0,25.0,14.0,24.0,13.0,18.0,17.0,22.0,10.0,34.0,33.0,20.0,25.0,33.0,29.0,38.0,29.0,34.0,10.0,24.0,22.0,18.0
T[T>G]C,11.0,17.0,13.0,9.0,25.0,27.0,11.0,13.0,12.0,22.0,13.0,17.0,18.0,4.0,15.0,12.0,62.0,21.0,22.0,15.0,14.0,16.0,8.0,10.0,12.0,18.0,10.0,13.0,23.0,8.0,21.0,27.0,15.0,22.0,21.0,36.0,11.0,27.0,19.0,7.0
T[T>G]G,14.0,23.0,20.0,8.0,50.0,40.0,47.0,31.0,29.0,31.0,35.0,31.0,44.0,8.0,25.0,31.0,76.0,47.0,37.0,25.0,23.0,44.0,19.0,21.0,9.0,28.0,31.0,33.0,34.0,21.0,40.0,54.0,18.0,28.0,18.0,49.0,13.0,27.0,32.0,12.0
T[T>G]T,35.0,54.0,51.0,18.0,98.0,62.0,83.0,58.0,45.0,46.0,64.0,38.0,65.0,15.0,64.0,73.0,158.0,67.0,48.0,40.0,47.0,49.0,31.0,36.0,37.0,32.0,31.0,70.0,73.0,36.0,44.0,81.0,35.0,54.0,60.0,90.0,31.0,69.0,62.0,26.0
