Type,Sig1,Sig2,Sig3,Sig4,Sig5,Sig6,Sig7,Sig8,Sig9,Sig10,Sig11,Sig12
A[C>A]A,0.04731188831570254,0.0010661024628520132,0.00045306456436880845,0.011828510716861813,0.0014548308446784605,0.0007382540310743277,0.028177897335291975,0.0007361949356426085,0.010419764853224722,0.018121717028340124,0.011989404680196864,0.024399245935811803
A[C>A]C,0.010832785527833405,0.0028125987120309645,0.0033296148773686585,0.007467465095198603,0.00046149321121328725,0.0021382641610669766,0.014435823271718344,0.0018442537007466906,0.02303164794346537,0.013270498170320855,0.006019233486692272,0.015941270151675794
A[C>A]G,0.0024227996170104937,0.00017520595601045193,7.097420822127346e-07,0.0011981647377863592,0.00028867346060979453,0.00025218540594649824,0.002200488066942563,0.0001787820807295934,0.0012468892991962218,0.0018004123287300388,0.00033629258331471904,0.0018621255957085023
A[C>A]T,0.021710705617468122,0.011120566221893696,2.372422825178408e-06,0.008730148254356262,0.023682021069144576,0.002385237244839496,0.013304443481265209,0.0033072040089660564,0.009600599279827957,0.01353119005694246,0.007977719386286598,0.020754759791566574
C[C>A]A,0.03677368697716939,0.002270036600939025,0.002615667600153795,0.008669637366755837,0.006027947213118074,0.007763802307544298,0.016449643175871546,0.008884136950619206,0.07651604848821686,0.011513492649125968,0.009739410574886661,0.013118211062172145
C[C>A]C,0.01323242123856542,0.0004595457567536336,0.001602511365135259,0.006030138964310199,0.0029603313767061516,0.012115221405439936,0.00334751053535166,0.01948326208690507,0.07368382431605135,0.006221910290178349,0.004196025215116552,0.015513382549836639
C[C>A]G,0.005072279387126035,0.00010390362320438818,0.0002475499027442914,0.000784422683925439,0.0007646682239191838,0.0019908193034163316,0.0011622988669763253,0.003608604686673594,0.006607231261120244,0.0010214449771151874,0.0008003275428948639,0.0024833316155697662
C[C>A]T,0.037305370680970326,0.011517202155601989,0.009146146652680081,0.006726379176341705,0.0371602138866241,0.03942714748461956,0.0029961189425079904,0.05483307953108264,0.04479662954638659,0.003788888659175459,0.010849972595643222,0.016873585080646337
G[C>A]A,0.08041665784941324,0.0008034042652915428,0.0015369611811562986,0.013194591984244209,0.0010018491597174996,0.0010511315929417348,0.03310376099801208,0.0009280126486543641,0.0065782118054211304,0.007475390075343276,0.010240920201560661,0.00869458687776015
G[C>A]C,0.015816204899313423,0.0013731316369334217,0.00202966812565058,0.005092928449717225,0.002147206800248923,0.0044100048327682904,0.008410075619221316,0.0032211795421827204,0.02835183642469629,0.005194774667591262,0.005097081131202399,0.008567073872581312
G[C>A]G,0.005269653354584978,3.7871997737434566e-05,0.00011121897910074734,0.000512293614908863,0.00011645682960378118,0.0006672895572744189,0.002427694042107989,0.0008492824845745719,0.0013526584011571818,0.0010291681903390238,0.0007291515183021127,0.0013179260567743908
G[C>A]T,0.053117655098248374,0.007445648047836457,0.0084535579317963,0.009818201578576286,0.017114664561674278,0.007444527566840465,0.016889494246656218,0.008816035604292234,0.00890271661450425,0.0063874449009720296,0.009211010781550996,0.0094342016666718
T[C>A]A,0.06433954064595589,0.05558880070890426,0.005841980142278008,0.012467450501645676,0.004340008210828123,0.0005467828143204593,0.033852793314988805,0.000746845533167565,0.01900121799184417,0.017764557190157355,0.01760251924441305,0.011856072109026982
T[C>A]C,0.036046646430049414,0.006460845923187742,0.005154386387701283,0.0062964880937983105,0.00942628356068139,0.0014935095673168665,0.019797846175630088,0.002430815623351569,0.016574512838797077,0.01007649083761189,0.006257977673374352,0.013583103402841983
T[C>A]G,0.008230414448996734,0.001206833652182572,0.00031720976486772806,0.0010892536574043526,0.0011900036006608444,0.00022926673139629105,0.0039985423287439165,0.0003538479546478483,0.0018140930261662791,0.001518494747446117,0.00022491332495822074,0.0006235980108054868
T[C>A]T,0.11989584818067481,0.3931049124938093,0.14991319848919332,0.014332465690264223,0.06321043591845091,0.004277650721026864,0.050627901536691375,0.0081867796127937,0.014201182985144476,0.020250700695209442,0.026625873132867257,0.004227683503659917
A[C>G]A,0.0037943307209689905,3.1412136304308454e-05,0.0009156237385745247,0.0039031006763566274,0.0023226876654153334,0.001443191272242847,0.005041335436864429,0.0027932346739777338,0.006789747598345955,0.011412176893716451,0.005919609918921297,0.014567629075915498
A[C>G]C,0.0020274543567377163,6.402255530202713e-05,0.00028365322939121737,0.0037348402257289747,0.0007304077055493396,0.0006630635078528395,0.003104085492297154,0.0008003766720717995,0.0038683582320122286,0.006835405558006552,0.00204871516346277,0.007605623247139738
A[C>G]G,0.0008978868578931327,3.815038848902914e-06,9.808073162873476e-06,0.0005227190359291342,2.4701173492170076e-05,8.389747548543431e-05,0.0005702700723840465,0.00016844387445348507,0.0005213012401519887,0.0016338008318826935,0.00015337486688032733,0.0026412542624770405
A[C>G]T,0.002292284543197934,4.7375220602491555e-05,0.00022008507484527407,0.01091880272437165,0.0009169103842604829,0.0015763112817031588,0.0056006248619245025,0.0019637298871817187,0.00679990506079753,0.023628126757910026,0.003302781139603,0.011515797009402848
C[C>G]A,0.0015213832844648508,5.010800301440097e-07,4.9869070965926176e-05,0.0030796214397559585,1.2070752875661028e-07,0.00012876634259261296,0.002705468831704575,9.037032936549625e-05,0.008375061990747784,0.005814895851665671,0.0020703058939941853,0.007378047185066868
C[C>G]C,0.0018737884078722292,9.170604529151778e-06,2.9041349098101994e-05,0.0021222360486032655,4.775918910192687e-07,9.137168111681778e-05,0.001644995849150478,0.00012710472510638694,0.014390984970512782,0.004383042134250696,0.0010341262856398716,0.005165414206789495
C[C>G]G,0.0007596871312602416,1.050036437955617e-06,9.715409128161665e-06,0.0002713445879506015,2.1865243793787646e-05,0.00014508195029105088,0.0006377503745958816,0.0001460792464565262,0.001840719545024699,0.0007138400097553746,9.338309006724253e-05,0.002128393056359011
C[C>G]T,0.0019630778926268736,1.5765711173382565e-06,6.252598961903903e-05,0.005097764053662244,1.8536670171302713e-05,0.00018110698323324607,0.004202859047427219,8.576277995905899e-05,0.0075785781686801045,0.009688434171247508,0.0026660881946280893,0.011906239715086222
G[C>G]A,0.0018767840668351033,0.00011407932816496542,0.0004625769804878726,0.00156195761178957,0.000862075078286747,0.0002619287701568547,0.0018727356621823642,0.0005849484009162602,0.0027969716887793956,0.003001399867678886,0.002921359167251731,0.0069654086781707715
G[C>G]C,0.0015854135980350732,0.00013553951424001773,0.00033241959934870514,0.003912726226832964,0.0004749907906907157,0.0015219925365078564,0.0020621257598627575,0.0014032748715317855,0.006946746681184832,0.006208891747449136,0.0019084739612156203,0.005058679972507997
G[C>G]G,0.0008774850029773367,3.68119456836437e-07,2.349802579337492e-06,0.00013221918054639456,1.0733234521016467e-05,0.00010113775625194865,0.00022623000741377926,0.00011122734248251392,0.0006785601498201177,0.0006929485257082909,0.0007797032233527449,0.0011121995023813335
G[C>G]T,0.0018125577512622091,0.00021587408827446742,0.00011817676527480573,0.0031641810554267234,0.000655763578143162,0.0009952900712599405,0.002271649093881439,0.0009472718113199863,0.0034931099559032523,0.008699680543353041,0.0022068796396771096,0.007954106381749999
T[C>G]A,0.00203556492897737,1.2071641804209726e-07,0.00014649224911035522,0.006507991689535124,9.487922716502683e-06,0.00023349344839901156,0.008605573689833224,0.0002583853740493259,0.00517310493035406,0.02254052648206247,0.002141898721704576,0.010432819975262967
T[C>G]C,0.0026261874000048867,1.7515997324579856e-05,0.00010552850775737049,0.0038086269067313257,1.2465618943174694e-05,0.0003291455500382374,0.004275264865326277,0.0001448196163576186,0.004917608781235763,0.010795941132412923,0.0032263361351114878,0.010782468461536476
T[C>G]G,0.0002998093284336442,9.237681421937415e-07,1.909355076499367e-05,0.000849875527606734,1.4411716236432804e-06,1.4800287065539871e-05,0.0007611223785996344,3.2800892046402136e-05,0.0009161470076470208,0.0015083844751337865,0.00047067077681000376,0.0014486367863831401
T[C>G]T,0.0024921790025759566,4.4302566244703365e-05,0.00029344234722001493,0.018680053997939594,1.2070752875661028e-07,0.0009704227456518446,0.014235909501131424,0.0012178356887822847,0.011570649403469049,0.05544109368047091,0.004114385361104363,0.019389350951823904
A[C>T]A,0.018873232166379837,0.0007024966440280693,0.002444756320011923,0.009023283570537808,0.005760899622800963,0.020853410467185814,0.011806410448617164,0.0532697074182702,0.010612268623375363,0.008606028251492046,0.011067404952665758,0.0306183505989503
A[C>T]C,0.010595467559391624,0.0034622639322066666,0.0036508112814131006,0.0033066172000838162,0.003914824998814909,0.012025385987114256,0.008167294505950357,0.013768029705506642,0.014978960282117848,0.0046504437081447214,0.006929630191718564,0.01160243845866404
A[C>T]G,0.016502278013152374,0.0047051475774917365,0.015680013296361768,0.030408719672634865,0.008878446473351644,0.01287849338504582,0.12228826856054845,0.09694011706641881,0.013266116617085846,0.025195647659640764,0.040735964671569064,0.014748715473142398
A[C>T]T,0.013930217309698293,0.005714549164284496,0.003932675992341305,0.007332980146932703,0.008049099983500375,0.012722115375531686,0.014451089247672336,0.014489805802905313,0.015942132664404036,0.007434745095259652,0.007938194383117209,0.022300693661341502
C[C>T]A,0.01374015407558982,0.0002477442592045488,0.002135918081069706,0.003997718229506497,0.0034511361951150795,0.007240078050836898,0.013165761099494184,0.009586374059625877,0.012326642429795689,0.010110081742174305,0.008209861897969538,0.016160962739717403
C[C>T]C,0.014431729628633838,0.0007919086993587498,0.003080663195882755,0.0023228185181299035,0.004437600217881094,0.014527185573624823,0.009369235720724981,0.01056562024790793,0.017081569480287075,0.005345808603168552,0.004899288552721578,0.016613526355185378
C[C>T]G,0.017779390763006196,0.0004170316475388345,0.009416913090242618,0.020523289175297128,0.008519372971194743,0.008479439388973052,0.06997872284986781,0.07066534016739244,0.013926315578907774,0.015594240457880765,0.020037521594830972,0.016444394895213342
C[C>T]T,0.013718685040361856,0.0014917422247823007,0.004435868373514336,0.006096983291000757,0.008009771055100371,0.017900874358626195,0.014711529560084168,0.010329342980278211,0.023635698934081018,0.008283399945027447,0.011315123696009696,0.019556002914077258
G[C>T]A,0.011881988947914675,0.00215541007315686,0.012057840940188694,0.004870357318096033,0.0035752553483484784,0.03081946921514878,0.004539618996161197,0.04654119550794686,0.00930773015473113,0.006228406385920307,0.008814740793474692,0.014827389975302526
G[C>T]C,0.010227430737726884,0.013039450197866294,0.037555296091704216,0.006940561435417114,9.400728726588585e-05,0.05961511953340523,0.006059913045839059,0.04681394477268573,0.021069406418988825,0.0022325397876682834,0.00666159225682967,0.011141366411440744
G[C>T]G,0.03706095802347574,0.013607584365441646,0.06557141048712037,0.024066642190672734,1.2070752875661028e-07,0.028757177601865073,0.08034340479391294,0.11289579942575198,0.01702293745628409,0.016617479405041897,0.02192969320731114,0.027339677473167113
G[C>T]T,0.011308879325815447,0.017137187632009956,0.042975054911886766,0.007048858581440914,0.0014312258522678444,0.04657707480198917,0.008323078719762164,0.03133626240555637,0.011758074893492027,0.005952899639644657,0.00914973202366611,0.012328836184103142
T[C>T]A,0.010531843170435227,0.0040350260422559675,0.013389033909696748,0.00609463834076805,0.00424653174000439,0.011024979044583104,0.022266444159506876,0.009346731396572132,0.008008351308766204,0.022239298184131347,0.009899904080550624,0.019757760385538076
T[C>T]C,0.010478924190473764,0.013760154405382263,0.0398671088034667,0.0062820039496561415,0.0043902911849439796,0.015224610935764094,0.017181572651615157,0.00933179742655099,0.02010184281220719,0.013044519873641936,0.010084990912870096,0.017167903617268755
T[C>T]G,0.00954037192901341,0.06294940647990914,0.19948924374016436,0.01747887076666228,1.2070752875661028e-07,0.003045399389873651,0.0517063063050344,0.03852102806002818,0.008869757847606626,0.011712099541437091,0.01619524862593724,0.00535166233239098
T[C>T]T,0.01271010008215818,0.040517306471535,0.08044346059413662,0.01016448189840343,0.001129056458758657,0.013805161924853402,0.02112705008187546,0.008345796467981264,0.014473784490861891,0.01749937134590477,0.01313323206658075,0.023527123559711434
A[T>A]A,0.0026493685746770274,0.0008356375083228475,0.0017859097735419803,0.004021568309252623,0.00015784427975184276,0.004692855501461329,0.006361213016894591,0.0017854133255522824,0.00983055890800017,0.010239377017574628,0.026329994866425895,0.012695589905450095
A[T>A]C,0.0018582532390508527,0.0002791727530363824,0.0005988268038602248,0.0023633647633162828,0.00018696829119156734,0.005498972401729159,0.0036173808173423465,0.003522520102138345,0.005533079908688723,0.005089306927374184,0.01530895060304422,0.011307580762974001
A[T>A]G,0.0013478811250356982,6.303082729825185e-06,0.00013052944305093716,0.0034277501734970585,0.00021616275721128694,0.002081911930302911,0.005382848864925026,0.00097035279638494,0.003688135411344686,0.007479631810152524,0.0057672857489716135,0.010770099621871835
A[T>A]T,0.012212909914907937,0.004933014281854111,0.0051054682599638605,0.00841722449750763,0.005517199433270935,0.01685366382911917,0.013243941787706857,0.022471946743295616,0.01624352497670762,0.011937909013834519,0.037967034676095704,0.017044839036262246
C[T>A]A,0.0009172595175512826,9.970192519061428e-05,0.00010218627541273842,0.002260966836667147,0.0007095702592394318,0.001485434764466327,0.002857736973154184,0.00041179732531332536,0.01182398832598744,0.01607988980146038,0.0033934698769391815,0.007036485597783389
C[T>A]C,0.002000594660457285,8.748593132298078e-05,0.00014269284260088022,0.008325251583006298,0.001347618026695509,0.0040259376318916166,0.0032082268570685865,0.0029949091708965686,0.008564001075911726,0.007396351021416625,0.0029859935172988515,0.009756501958453187
C[T>A]G,0.0008636762767452691,8.385990882470902e-05,7.200982350977152e-05,0.0051132256926486085,0.0010763315438002878,0.0025959925209716192,0.004845737880855568,0.0007393226570098851,0.007063338933495115,0.006514409964304841,0.0034848599867490257,0.009898767977552009
C[T>A]T,0.003577340355331169,0.0005899776137246999,3.678430378174613e-05,0.023161850050876846,0.0028662479531082375,0.00198950000293746,0.006598894308903356,0.001166809366623458,0.014055630184408485,0.023152712289685025,0.007074330989804196,0.013416043707971935
G[T>A]A,0.0005263786659721374,5.6808700553139495e-05,0.00035117250784373274,0.001978625427211766,0.0001389193810874097,0.00274453184811654,0.0023730558438526147,0.0005362230178086867,0.0056069861662557995,0.0065305043125318,0.0024910009481437555,0.003998619017772908
G[T>A]C,0.0012258043617702536,7.349296020408853e-05,0.0002733940990562678,0.002438299824178225,0.0004965212042066426,0.0050002969075862705,0.0017301826676797878,0.0016398208294569397,0.0015107294655025492,0.003297352528357167,0.004534324909145088,0.005967106244283303
G[T>A]G,0.0007942199550298994,3.4684259025711926e-07,5.5904792773377265e-05,0.0025026484010447574,1.660947143141174e-05,0.0032650078936434872,0.0026640217606193543,0.0014732031911239313,0.0020453309643669202,0.004553665114953085,0.0011710411885015044,0.00618985351987805
G[T>A]T,0.002554117333345399,0.00041057544225719256,0.00022745168704058294,0.007347076762715942,0.0009011725024161719,0.0031373909811990373,0.0030252778056085333,0.0020117473337171233,0.007310901404290013,0.007134065110479003,0.008903780891857775,0.012138964136558916
T[T>A]A,0.016298682196660023,0.001425813569622045,0.0013758557707383267,0.007907777749936217,0.000607483334488852,0.004579918313886179,0.01144588996112047,0.007570611171230915,0.009910486150915047,0.02627792406960333,0.026588851343359744,0.008867619959335698
T[T>A]C,0.0015129351687023077,0.0005169110309192201,0.0004333971852185873,0.003617505666266848,0.0018020257600937788,0.0016067588623267066,0.00293152066404609,0.0008946803793029619,0.003685634635768497,0.007907380803906069,0.009281180980504686,0.007704646274907506
T[T>A]G,0.0014535769803224313,0.0005503316930645872,5.791230170686353e-05,0.002808095065873759,0.0015279996978920802,0.0015098329274269265,0.002496910781493907,0.0003283491150891816,0.0038959743097841644,0.007531136315137921,0.0035441525740199115,0.005937379768691245
T[T>A]T,0.00965200272763456,0.004611065957392516,0.0007903930547266394,0.012811072286870725,0.011406795311750038,0.0027312062883806877,0.008474582985001297,0.0054330860545184975,0.017573535728497312,0.02578122625317199,0.03593765589603967,0.018973979664853712
A[T>C]A,0.011909792661119177,0.003877676016351587,0.018172226287753307,0.009923202537540138,0.027152724082173854,0.04344803661725702,0.013028472801103834,0.01719986337119561,0.014220840734508721,0.01892394553449647,0.04784422267638022,0.023853414995968696
A[T>C]C,0.003096455923710577,0.0025719039548542694,0.006078968876994431,0.0050245536913745515,0.01576123053611295,0.016745006890431346,0.005023446294057432,0.007166894180381115,0.005412762539957636,0.0038550236421386703,0.017127037723442193,0.010796061611396639
A[T>C]G,0.005967569972875381,0.0009863709757314194,0.0020998706380437994,0.006439404274532233,0.016958944650099592,0.03952351085149683,0.005617056054704171,0.020126435915419544,0.004484654955398902,0.004473541723011719,0.010969505739611043,0.013567716620939436
A[T>C]T,0.0035485053884210744,0.00470841243989952,0.0034026143903822005,0.00869346811601419,0.026953588522363733,0.018309936370565206,0.015461585536061574,0.00536487604407883,0.02195982999836914,0.010342972293868056,0.07652465198153763,0.029399638081059637
C[T>C]A,0.00344386441202163,3.9195933933660056e-05,0.0017292373906665614,0.0072352119331576354,0.006130285512797747,0.026138104927133938,0.0036902465774261667,0.012058442902331202,0.007551943033749874,0.02653774681284434,0.005488166440625546,0.00026044713865916577
C[T>C]C,0.0025985855218032634,0.0004718045500746639,0.0012009370369228227,0.020096359643120176,0.007960775225461673,0.016054662059340197,0.004335226988520379,0.008813349192087863,0.015714123314757335,0.009105074657155099,0.0010970498084956575,0.011204067852364302
C[T>C]G,0.004680925020563725,3.0210830831964083e-05,0.0006651197588664808,0.01267679058180413,0.0077965240898879165,0.03897036834060105,0.0013727411381999409,0.022415706805364987,0.008704564851173777,0.0024580969845799964,0.003224795050461684,0.00766293506898946
C[T>C]T,0.007851323014698888,0.0006538507992001837,0.0005684290659213161,0.05764112866743062,0.010616522302294611,0.019981674553383205,0.004708858582302583,0.011176579880731015,0.017435903442399557,0.008331863178768249,0.012800863243589129,0.01377593768887231
G[T>C]A,0.0033088028800701184,0.006426360490652001,0.04101211189387634,0.0035903483780287244,0.024834287097931427,0.05511750627650082,0.006000400464633064,0.015226349241044207,0.007262012304616152,0.013084604497756305,0.008452529486420111,0.00219150223859417
G[T>C]C,0.00360608071279215,0.006998726315187005,0.029569431845880446,0.00542855962194529,0.02095869742032026,0.02147628294115587,0.004677764625999453,0.008115480745648102,0.0026472639113748414,0.002668026335394675,0.003413910603233256,0.0046808659267981376
G[T>C]G,0.002794229033493071,0.0011710814102799418,0.012067339958549708,0.005549167753513342,0.018626716634618477,0.04185629297182593,0.002834103920619837,0.014371168840448154,0.002809799950612069,0.0011422394557824823,0.0035589050285334692,0.004067264349975912
G[T>C]T,0.0014229041222609492,0.013610180773486202,0.024107125038719347,0.011894248151755308,0.034744700964945266,0.03452640285995574,0.009560323362098435,0.007367656925508905,0.01215059261790542,0.0034366884435728107,0.01869151363948382,0.007772669231508523
T[T>C]A,0.008818605305404906,0.005373667632027343,0.01260879029560708,0.01218037674753323,0.02326739373838599,0.030876707695064558,0.005076897714061966,0.01185722762493006,0.010325042826792032,0.04578984324876369,0.019286979930059477,0.005476240702658419
T[T>C]C,0.006998574582726532,0.005340318562828793,0.007299055175774521,0.007670991976957094,0.02169630672578991,0.020836569547249058,0.005175432737059363,0.011170659148961084,0.006053184790651253,0.00792492089477696,0.012287780027990107,0.008947427010743846
T[T>C]G,0.004584341670714506,0.0030629499827450157,0.0021581892859842025,0.005497911522177353,0.017208900873852018,0.021265738935799743,0.0022759368139208236,0.012563210869207418,0.00312788559366255,0.007747350517682957,0.006676969780992456,0.003087726202255148
T[T>C]T,0.00783738761321583,0.00889938894938463,0.0029126130626129136,0.012522120772542509,0.045274934731837316,0.025407129091594212,0.007533497624552891,0.018015627107870396,0.017893947944874495,0.010334255140091978,0.06093692895280321,0.017453491134512715
A[T>G]A,0.0025945355329305923,0.0032541742488157444,1.215033627388396e-07,0.00812325172330557,0.009991304493076449,0.0006923774871061617,0.003467596546643773,0.0001270748274489328,0.0034620863903964635,0.015462327626074098,0.007325496249409629,0.0042715229204383495
A[T>G]C,0.0002490950351419566,0.0033541010367809623,4.337395761406906e-05,0.003697278219785791,0.009632420455392835,0.0022152838754090957,0.000866350246205588,0.0009127264424373402,0.0010700210009288336,0.0016223553240494858,0.0026419418145639385,0.003374941143509118
A[T>G]G,0.0017076156968345749,0.0012437086200890578,0.00021719296972417997,0.003121768809691324,0.006312005894075853,0.001525554782752506,0.0026627293714147843,0.0005988919004949599,0.0018798074024923665,0.004543352939006013,0.0037437956269413455,0.008686721877102512
A[T>G]T,0.0018348138252145911,0.02677243714556382,1.215033627388396e-07,0.029458181422434455,0.07422535031089648,0.0039055174766822963,0.0031472372518881074,0.001996710153519379,0.003706292923482047,0.007527938223942539,0.00751831060466424,0.007327866362390239
C[T>G]A,0.0014863545735423677,0.003010891839358097,0.0007538018658217092,0.0036135383005652124,0.01251931413388447,0.0012482511535340179,0.0011703482669971415,0.0009755334636139474,0.0024980210909750717,0.012115572868026015,0.0025860439311300664,0.0006890720668908231
C[T>G]C,0.0009083999618398411,0.0007558203693518273,0.0007647750940023865,0.010702346816278682,0.005774178998629738,0.006056356173312144,0.000980705101312786,0.003957569752033794,0.002462865560279081,0.003903135786438885,0.0014254260486166433,0.0030019561452687415
C[T>G]G,0.0022810857087552793,0.0013915616088427806,0.0011235684448638351,0.0073432578627569715,0.010334851789987765,0.007285702734533494,0.002265409301275304,0.004313432137464426,0.0027565167880835733,0.0033231806696067353,0.0027493460186100785,0.008989429063098733
C[T>G]T,0.006948948319894972,0.014543444669106759,0.005134334392116926,0.16965439393434795,0.05651151604850939,0.009940182025546666,0.002218113635730023,0.004702567522751078,0.0052020565388704015,0.011120477710042962,0.017462671938084054,0.012596716795011417
G[T>G]A,0.0009008345041251213,0.0008398892819730182,0.0012816390291776494,0.00125984557164498,0.0029867635553998415,0.000523919188014257,0.0011493528235640947,0.0002354689501269777,0.0013771035427480656,0.004942574652526585,0.0023598914578409087,0.0030346079190989397
G[T>G]C,0.0006781264411093346,0.0013355825110084078,0.0018606519236885964,0.0025241440817812292,0.0048940067235917865,0.0026780576425407005,0.000402561622805521,0.000815861705168508,0.0007701033985875339,0.001985327821893023,0.002167919822680171,0.0018849032261806565
G[T>G]G,0.0022517636927643853,0.0005760563493893911,0.0011866490017339304,0.003967917483451587,0.002683454022920956,0.0026664967559569376,0.0023412331337308977,0.0013910951796859171,0.0018470717714326103,0.003219130066824117,0.0010694169810314962,0.008180497010062468
G[T>G]T,0.0028268660565465534,0.003661468742509436,0.0036518390418392014,0.04121566016235493,0.013119356574396036,0.009164537394680691,0.002102304232837288,0.00445264766762843,0.0031644339773349815,0.0034214685249134963,0.007615179455949024,0.006431905434722549
T[T>G]A,0.0020465600133466153,0.01647322885627426,0.002388120377125748,0.010773191139843093,0.018752427448878294,0.00046091002873794353,0.00346050726047846,0.00016137177614094556,0.0046762556469412105,0.03093004066410804,0.009288651225174463,0.002411701316460781
T[T>G]C,0.0007941136724141231,0.006786994114421501,0.008171910187848588,0.005318996500601954,0.01736674631705504,0.0007517436347775458,0.0016525659836237549,0.0006003696790766707,0.0021292380523072413,0.0076322878189808135,0.006084112092579009,0.004126008615471606
T[T>G]G,0.0025212638222742666,0.0026356180730026744,0.0015115650033253806,0.004964971610120376,0.006544212110814645,0.001960373019247673,0.0038344877184098925,0.001672852513386651,0.0031041277477013374,0.009283821871881022,0.005042795917206174,0.00879807476610848
T[T>G]T,0.008214590747746945,0.15361375634137517,0.06477609780137723,0.05522968306063629,0.15013645482914095,0.003423521670264673,0.006163049682264821,0.0040946288718836385,0.012079598333831851,0.03319579796357673,0.04781523318445103,0.015503561541910838
